corridaId;data;local;sentido;extensao;pilotoId;nome;posicao;tempoTotal;numeroVoltas;melhorVolta;polePosition;pontos;presente
1;2024-01-06;Kartódromo Internacional de Interlagos;horário;1050.0;1;João Silva;18;21:00.588;24;00:51.355;False;1;True
1;2024-01-06;Kartódromo Internacional de Interlagos;horário;1050.0;2;Pedro Santos;;;;;False;0;True
1;2024-01-06;Kartódromo Internacional de Interlagos;horário;1050.0;3;Lucas Oliveira;;;;;False;0;True
1;2024-01-06;Kartódromo Internacional de Interlagos;horário;1050.0;4;Mateus Souza;20;20:57.079;24;00:50.865;False;1;True
1;2024-01-06;Kartódromo Internacional de Interlagos;horário;1050.0;5;Gabriel Pereira;21;21:03.205;24;00:51.288;False;1;True
1;2024-01-06;Kartódromo Internacional de Interlagos;horário;1050.0;6;Rafael Costa;1;20:47.128;24;00:49.645;True;25;True
1;2024-01-06;Kartódromo Internacional de Interlagos;horário;1050.0;7;Thiago Almeida;4;20:47.494;24;00:49.706;False;14;True
1;2024-01-06;Kartódromo Internacional de Interlagos;horário;1050.0;8;Bruno Nascimento;2;20:47.984;24;00:50.178;False;20;True
1;2024-01-06;Kartódromo Internacional de Interlagos;horário;1050.0;9;Felipe Carvalho;12;20:59.936;24;00:50.476;False;1;True
1;2024-01-06;Kartódromo Internacional de Interlagos;horário;1050.0;10;André Araújo;25;21:02.186;24;00:51.225;False;1;True
1;2024-01-06;Kartódromo Internacional de Interlagos;horário;1050.0;11;Ricardo Ribeiro;11;20:56.920;24;00:50.916;False;2;True
1;2024-01-06;Kartódromo Internacional de Interlagos;horário;1050.0;12;Marcelo Ferreira;8;20:57.743;24;00:50.737;False;6;True
1;2024-01-06;Kartódromo Internacional de Interlagos;horário;1050.0;13;Diego Rodrigues;9;20:53.920;24;00:51.051;False;4;True
1;2024-01-06;Kartódromo Internacional de Interlagos;horário;1050.0;14;Leonardo Gomes;27;21:11.715;24;00:51.276;False;1;True
1;2024-01-06;Kartódromo Internacional de Interlagos;horário;1050.0;15;Caio Martins;24;21:07.702;24;00:51.507;False;1;True
1;2024-01-06;Kartódromo Internacional de Interlagos;horário;1050.0;16;Vinícius Barbosa;23;21:04.625;24;00:50.831;False;1;True
1;2024-01-06;Kartódromo Internacional de Interlagos;horário;1050.0;17;Henrique Rocha;17;21:04.283;24;00:50.626;False;1;True
1;2024-01-06;Kartódromo Internacional de Interlagos;horário;1050.0;18;Gustavo Moraes;6;20:53.828;24;00:50.707;False;10;True
1;2024-01-06;Kartódromo Internacional de Interlagos;horário;1050.0;19;Eduardo Pinto;15;20:56.329;24;00:50.054;False;1;True
1;2024-01-06;Kartódromo Internacional de Interlagos;horário;1050.0;20;Nicolas Cardoso;16;20:57.363;24;00:50.145;False;1;True
1;2024-01-06;Kartódromo Internacional de Interlagos;horário;1050.0;21;Daniel Lima;26;21:03.829;24;00:51.343;False;1;True
1;2024-01-06;Kartódromo Internacional de Interlagos;horário;1050.0;22;Fernando Fernandes;7;20:53.920;24;00:50.373;False;8;True
1;2024-01-06;Kartódromo Internacional de Interlagos;horário;1050.0;23;Rodrigo Mendes;5;20:49.956;24;00:50.241;False;12;True
1;2024-01-06;Kartódromo Internacional de Interlagos;horário;1050.0;24;Paulo Campos;14;20:57.368;24;00:51.074;False;1;True
1;2024-01-06;Kartódromo Internacional de Interlagos;horário;1050.0;25;Alexandre Correia;10;20:47.618;24;00:50.320;False;3;True
1;2024-01-06;Kartódromo Internacional de Interlagos;horário;1050.0;26;Sérgio Machado;;;;;False;0;False
1;2024-01-06;Kartódromo Internacional de Interlagos;horário;1050.0;27;Márcio Farias;19;21:06.308;24;00:50.592;False;1;True
1;2024-01-06;Kartódromo Internacional de Interlagos;horário;1050.0;28;Renato Tavares;22;21:01.614;24;00:50.680;False;1;True
1;2024-01-06;Kartódromo Internacional de Interlagos;horário;1050.0;29;Douglas Brito;3;20:50.174;24;00:50.915;False;17;True
1;2024-01-06;Kartódromo Internacional de Interlagos;horário;1050.0;30;Wesley Dias;13;21:01.531;24;00:50.884;False;1;True
2;2024-01-21;Kartódromo do Velociraptor;anti-horário;920.0;1;João Silva;15;20:51.618;27;00:44.589;False;1;True
2;2024-01-21;Kartódromo do Velociraptor;anti-horário;920.0;2;Pedro Santos;11;20:48.478;27;00:44.710;False;2;True
2;2024-01-21;Kartódromo do Velociraptor;anti-horário;920.0;3;Lucas Oliveira;3;20:39.508;27;00:44.701;False;17;True
2;2024-01-21;Kartódromo do Velociraptor;anti-horário;920.0;4;Mateus Souza;17;20:54.023;27;00:44.871;False;1;True
2;2024-01-21;Kartódromo do Velociraptor;anti-horário;920.0;5;Gabriel Pereira;;;;;False;0;False
2;2024-01-21;Kartódromo do Velociraptor;anti-horário;920.0;6;Rafael Costa;1;20:45.145;27;00:44.694;False;25;True
2;2024-01-21;Kartódromo do Velociraptor;anti-horário;920.0;7;Thiago Almeida;4;20:44.102;27;00:44.481;False;14;True
2;2024-01-21;Kartódromo do Velociraptor;anti-horário;920.0;8;Bruno Nascimento;5;20:47.824;27;00:44.992;False;12;True
2;2024-01-21;Kartódromo do Velociraptor;anti-horário;920.0;9;Felipe Carvalho;14;20:53.031;27;00:44.931;False;1;True
2;2024-01-21;Kartódromo do Velociraptor;anti-horário;920.0;10;André Araújo;18;20:55.920;27;00:44.934;False;1;True
2;2024-01-21;Kartódromo do Velociraptor;anti-horário;920.0;11;Ricardo Ribeiro;13;20:52.184;27;00:45.445;False;1;True
2;2024-01-21;Kartódromo do Velociraptor;anti-horário;920.0;12;Marcelo Ferreira;8;20:43.815;27;00:44.104;False;6;True
2;2024-01-21;Kartódromo do Velociraptor;anti-horário;920.0;13;Diego Rodrigues;20;20:56.225;27;00:45.006;False;1;True
2;2024-01-21;Kartódromo do Velociraptor;anti-horário;920.0;14;Leonardo Gomes;23;20:52.462;27;00:44.749;False;1;True
2;2024-01-21;Kartódromo do Velociraptor;anti-horário;920.0;15;Caio Martins;19;20:55.228;27;00:45.271;False;1;True
2;2024-01-21;Kartódromo do Velociraptor;anti-horário;920.0;16;Vinícius Barbosa;22;20:59.124;27;00:45.185;False;1;True
2;2024-01-21;Kartódromo do Velociraptor;anti-horário;920.0;17;Henrique Rocha;9;20:50.008;27;00:44.884;False;4;True
2;2024-01-21;Kartódromo do Velociraptor;anti-horário;920.0;18;Gustavo Moraes;2;20:47.247;27;00:45.027;True;20;True
2;2024-01-21;Kartódromo do Velociraptor;anti-horário;920.0;19;Eduardo Pinto;24;20:56.344;27;00:44.795;False;1;True
2;2024-01-21;Kartódromo do Velociraptor;anti-horário;920.0;20;Nicolas Cardoso;16;20:51.453;27;00:44.822;False;1;True
2;2024-01-21;Kartódromo do Velociraptor;anti-horário;920.0;21;Daniel Lima;25;21:01.067;27;00:45.244;False;1;True
2;2024-01-21;Kartódromo do Velociraptor;anti-horário;920.0;22;Fernando Fernandes;;;;;False;0;False
2;2024-01-21;Kartódromo do Velociraptor;anti-horário;920.0;23;Rodrigo Mendes;6;20:44.640;27;00:44.127;False;10;True
2;2024-01-21;Kartódromo do Velociraptor;anti-horário;920.0;24;Paulo Campos;12;20:54.528;27;00:45.322;False;1;True
2;2024-01-21;Kartódromo do Velociraptor;anti-horário;920.0;25;Alexandre Correia;7;20:48.110;27;00:44.893;False;8;True
2;2024-01-21;Kartódromo do Velociraptor;anti-horário;920.0;26;Sérgio Machado;;;;;False;0;False
2;2024-01-21;Kartódromo do Velociraptor;anti-horário;920.0;27;Márcio Farias;21;21:03.278;27;00:45.195;False;1;True
2;2024-01-21;Kartódromo do Velociraptor;anti-horário;920.0;28;Renato Tavares;;;;;False;0;True
2;2024-01-21;Kartódromo do Velociraptor;anti-horário;920.0;29;Douglas Brito;;;;;False;0;False
2;2024-01-21;Kartódromo do Velociraptor;anti-horário;920.0;30;Wesley Dias;10;20:52.801;27;00:44.855;False;3;True
3;2024-02-05;Kartódromo Costa Verde;horário;850.0;1;João Silva;;;;;False;0;False
3;2024-02-05;Kartódromo Costa Verde;horário;850.0;2;Pedro Santos;16;15:10.216;21;00:42.101;False;1;True
3;2024-02-05;Kartódromo Costa Verde;horário;850.0;3;Lucas Oliveira;5;15:08.065;21;00:41.510;False;12;True
3;2024-02-05;Kartódromo Costa Verde;horário;850.0;4;Mateus Souza;;;;;False;0;True
3;2024-02-05;Kartódromo Costa Verde;horário;850.0;5;Gabriel Pereira;7;15:09.435;21;00:41.506;False;8;True
3;2024-02-05;Kartódromo Costa Verde;horário;850.0;6;Rafael Costa;1;15:07.487;21;00:41.593;False;25;True
3;2024-02-05;Kartódromo Costa Verde;horário;850.0;7;Thiago Almeida;6;15:10.369;21;00:42.412;False;10;True
3;2024-02-05;Kartódromo Costa Verde;horário;850.0;8;Bruno Nascimento;11;15:10.118;21;00:42.214;False;2;True
3;2024-02-05;Kartódromo Costa Verde;horário;850.0;9;Felipe Carvalho;10;15:08.264;21;00:41.816;False;3;True
3;2024-02-05;Kartódromo Costa Verde;horário;850.0;10;André Araújo;20;15:15.027;21;00:41.683;False;1;True
3;2024-02-05;Kartódromo Costa Verde;horário;850.0;11;Ricardo Ribeiro;12;15:10.721;21;00:42.446;False;1;True
3;2024-02-05;Kartódromo Costa Verde;horário;850.0;12;Marcelo Ferreira;8;15:05.132;21;00:41.644;False;6;True
3;2024-02-05;Kartódromo Costa Verde;horário;850.0;13;Diego Rodrigues;17;15:12.398;21;00:42.559;False;1;True
3;2024-02-05;Kartódromo Costa Verde;horário;850.0;14;Leonardo Gomes;23;15:13.362;21;00:41.716;False;1;True
3;2024-02-05;Kartódromo Costa Verde;horário;850.0;15;Caio Martins;24;15:14.071;21;00:41.908;False;1;True
3;2024-02-05;Kartódromo Costa Verde;horário;850.0;16;Vinícius Barbosa;;;;;False;0;False
3;2024-02-05;Kartódromo Costa Verde;horário;850.0;17;Henrique Rocha;;;;;False;0;False
3;2024-02-05;Kartódromo Costa Verde;horário;850.0;18;Gustavo Moraes;3;15:04.767;21;00:41.764;False;17;True
3;2024-02-05;Kartódromo Costa Verde;horário;850.0;19;Eduardo Pinto;;;;;False;0;True
3;2024-02-05;Kartódromo Costa Verde;horário;850.0;20;Nicolas Cardoso;13;15:11.159;21;00:42.302;False;1;True
3;2024-02-05;Kartódromo Costa Verde;horário;850.0;21;Daniel Lima;25;15:18.825;21;00:41.804;False;1;True
3;2024-02-05;Kartódromo Costa Verde;horário;850.0;22;Fernando Fernandes;9;15:08.416;21;00:41.391;False;4;True
3;2024-02-05;Kartódromo Costa Verde;horário;850.0;23;Rodrigo Mendes;2;15:04.577;21;00:41.472;True;20;True
3;2024-02-05;Kartódromo Costa Verde;horário;850.0;24;Paulo Campos;15;15:13.203;21;00:42.301;False;1;True
3;2024-02-05;Kartódromo Costa Verde;horário;850.0;25;Alexandre Correia;21;15:17.074;21;00:42.681;False;1;True
3;2024-02-05;Kartódromo Costa Verde;horário;850.0;26;Sérgio Machado;14;15:09.837;21;00:41.636;False;1;True
3;2024-02-05;Kartódromo Costa Verde;horário;850.0;27;Márcio Farias;18;15:12.849;21;00:41.803;False;1;True
3;2024-02-05;Kartódromo Costa Verde;horário;850.0;28;Renato Tavares;19;15:14.048;21;00:42.056;False;1;True
3;2024-02-05;Kartódromo Costa Verde;horário;850.0;29;Douglas Brito;4;15:10.092;21;00:41.784;False;14;True
3;2024-02-05;Kartódromo Costa Verde;horário;850.0;30;Wesley Dias;22;15:16.063;21;00:42.210;False;1;True
4;2024-02-20;Kartódromo das Falésias;anti-horário;1100.0;1;João Silva;22;19:33.128;21;00:54.681;False;1;True
4;2024-02-20;Kartódromo das Falésias;anti-horário;1100.0;2;Pedro Santos;21;19:34.617;21;00:54.414;False;1;True
4;2024-02-20;Kartódromo das Falésias;anti-horário;1100.0;3;Lucas Oliveira;2;19:17.740;21;00:52.774;False;20;True
4;2024-02-20;Kartódromo das Falésias;anti-horário;1100.0;4;Mateus Souza;25;19:30.409;21;00:53.754;False;1;True
4;2024-02-20;Kartódromo das Falésias;anti-horário;1100.0;5;Gabriel Pereira;12;19:23.873;21;00:53.949;False;1;True
4;2024-02-20;Kartódromo das Falésias;anti-horário;1100.0;6;Rafael Costa;1;19:11.372;21;00:53.038;False;25;True
4;2024-02-20;Kartódromo das Falésias;anti-horário;1100.0;7;Thiago Almeida;3;19:16.916;21;00:52.870;True;17;True
4;2024-02-20;Kartódromo das Falésias;anti-horário;1100.0;8;Bruno Nascimento;9;19:23.405;21;00:53.667;False;4;True
4;2024-02-20;Kartódromo das Falésias;anti-horário;1100.0;9;Felipe Carvalho;10;19:21.306;21;00:54.124;False;3;True
4;2024-02-20;Kartódromo das Falésias;anti-horário;1100.0;10;André Araújo;11;19:25.870;21;00:54.068;False;2;True
4;2024-02-20;Kartódromo das Falésias;anti-horário;1100.0;11;Ricardo Ribeiro;19;19:28.689;21;00:53.898;False;1;True
4;2024-02-20;Kartódromo das Falésias;anti-horário;1100.0;12;Marcelo Ferreira;;;;;False;0;False
4;2024-02-20;Kartódromo das Falésias;anti-horário;1100.0;13;Diego Rodrigues;17;19:28.795;21;00:54.217;False;1;True
4;2024-02-20;Kartódromo das Falésias;anti-horário;1100.0;14;Leonardo Gomes;24;19:30.818;21;00:54.176;False;1;True
4;2024-02-20;Kartódromo das Falésias;anti-horário;1100.0;15;Caio Martins;26;19:30.392;21;00:54.432;False;1;True
4;2024-02-20;Kartódromo das Falésias;anti-horário;1100.0;16;Vinícius Barbosa;23;19:30.075;21;00:53.768;False;1;True
4;2024-02-20;Kartódromo das Falésias;anti-horário;1100.0;17;Henrique Rocha;13;19:23.257;21;00:52.994;False;1;True
4;2024-02-20;Kartódromo das Falésias;anti-horário;1100.0;18;Gustavo Moraes;6;19:14.595;21;00:52.567;False;10;True
4;2024-02-20;Kartódromo das Falésias;anti-horário;1100.0;19;Eduardo Pinto;14;19:25.274;21;00:53.134;False;1;True
4;2024-02-20;Kartódromo das Falésias;anti-horário;1100.0;20;Nicolas Cardoso;20;19:32.697;21;00:53.545;False;1;True
4;2024-02-20;Kartódromo das Falésias;anti-horário;1100.0;21;Daniel Lima;27;19:31.354;21;00:53.307;False;1;True
4;2024-02-20;Kartódromo das Falésias;anti-horário;1100.0;22;Fernando Fernandes;5;19:16.563;21;00:52.994;False;12;True
4;2024-02-20;Kartódromo das Falésias;anti-horário;1100.0;23;Rodrigo Mendes;8;19:19.405;21;00:53.226;False;6;True
4;2024-02-20;Kartódromo das Falésias;anti-horário;1100.0;24;Paulo Campos;;;;;False;0;True
4;2024-02-20;Kartódromo das Falésias;anti-horário;1100.0;25;Alexandre Correia;16;19:27.822;21;00:53.840;False;1;True
4;2024-02-20;Kartódromo das Falésias;anti-horário;1100.0;26;Sérgio Machado;15;19:28.062;21;00:53.473;False;1;True
4;2024-02-20;Kartódromo das Falésias;anti-horário;1100.0;27;Márcio Farias;18;19:23.057;21;00:53.229;False;1;True
4;2024-02-20;Kartódromo das Falésias;anti-horário;1100.0;28;Renato Tavares;28;19:35.122;21;00:54.700;False;1;True
4;2024-02-20;Kartódromo das Falésias;anti-horário;1100.0;29;Douglas Brito;4;19:13.969;21;00:53.830;False;14;True
4;2024-02-20;Kartódromo das Falésias;anti-horário;1100.0;30;Wesley Dias;7;19:19.212;21;00:54.039;False;8;True
5;2024-03-06;Kartódromo Serra Azul;horário;980.0;1;João Silva;23;22:20.510;27;00:47.713;False;1;True
5;2024-03-06;Kartódromo Serra Azul;horário;980.0;2;Pedro Santos;21;22:18.849;27;00:47.589;False;1;True
5;2024-03-06;Kartódromo Serra Azul;horário;980.0;3;Lucas Oliveira;5;22:05.963;27;00:47.178;False;12;True
5;2024-03-06;Kartódromo Serra Azul;horário;980.0;4;Mateus Souza;16;22:15.887;27;00:47.680;False;1;True
5;2024-03-06;Kartódromo Serra Azul;horário;980.0;5;Gabriel Pereira;26;22:21.189;27;00:48.223;False;1;True
5;2024-03-06;Kartódromo Serra Azul;horário;980.0;6;Rafael Costa;;;;;False;0;False
5;2024-03-06;Kartódromo Serra Azul;horário;980.0;7;Thiago Almeida;4;22:09.333;27;00:47.861;False;14;True
5;2024-03-06;Kartódromo Serra Azul;horário;980.0;8;Bruno Nascimento;6;22:08.280;27;00:48.176;False;10;True
5;2024-03-06;Kartódromo Serra Azul;horário;980.0;9;Felipe Carvalho;7;22:05.208;27;00:47.166;False;8;True
5;2024-03-06;Kartódromo Serra Azul;horário;980.0;10;André Araújo;13;22:18.509;27;00:47.453;False;1;True
5;2024-03-06;Kartódromo Serra Azul;horário;980.0;11;Ricardo Ribeiro;17;22:21.893;27;00:48.201;False;1;True
5;2024-03-06;Kartódromo Serra Azul;horário;980.0;12;Marcelo Ferreira;9;22:14.026;27;00:48.169;False;4;True
5;2024-03-06;Kartódromo Serra Azul;horário;980.0;13;Diego Rodrigues;;;;;False;0;False
5;2024-03-06;Kartódromo Serra Azul;horário;980.0;14;Leonardo Gomes;18;22:18.043;27;00:47.737;False;1;True
5;2024-03-06;Kartódromo Serra Azul;horário;980.0;15;Caio Martins;25;22:25.248;27;00:48.610;False;1;True
5;2024-03-06;Kartódromo Serra Azul;horário;980.0;16;Vinícius Barbosa;22;22:17.381;27;00:48.130;False;1;True
5;2024-03-06;Kartódromo Serra Azul;horário;980.0;17;Henrique Rocha;14;22:12.427;27;00:47.850;False;1;True
5;2024-03-06;Kartódromo Serra Azul;horário;980.0;18;Gustavo Moraes;3;22:06.433;27;00:47.962;False;17;True
5;2024-03-06;Kartódromo Serra Azul;horário;980.0;19;Eduardo Pinto;15;22:14.654;27;00:48.095;False;1;True
5;2024-03-06;Kartódromo Serra Azul;horário;980.0;20;Nicolas Cardoso;19;22:22.039;27;00:48.562;False;1;True
5;2024-03-06;Kartódromo Serra Azul;horário;980.0;21;Daniel Lima;27;22:24.065;27;00:47.777;False;1;True
5;2024-03-06;Kartódromo Serra Azul;horário;980.0;22;Fernando Fernandes;;;;;False;0;False
5;2024-03-06;Kartódromo Serra Azul;horário;980.0;23;Rodrigo Mendes;1;22:04.577;27;00:47.733;True;25;True
5;2024-03-06;Kartódromo Serra Azul;horário;980.0;24;Paulo Campos;8;22:04.124;27;00:47.381;False;6;True
5;2024-03-06;Kartódromo Serra Azul;horário;980.0;25;Alexandre Correia;11;22:15.450;27;00:47.712;False;2;True
5;2024-03-06;Kartódromo Serra Azul;horário;980.0;26;Sérgio Machado;24;22:18.487;27;00:48.280;False;1;True
5;2024-03-06;Kartódromo Serra Azul;horário;980.0;27;Márcio Farias;20;22:18.223;27;00:47.952;False;1;True
5;2024-03-06;Kartódromo Serra Azul;horário;980.0;28;Renato Tavares;12;22:17.194;27;00:47.934;False;1;True
5;2024-03-06;Kartódromo Serra Azul;horário;980.0;29;Douglas Brito;2;22:08.497;27;00:47.438;False;20;True
5;2024-03-06;Kartódromo Serra Azul;horário;980.0;30;Wesley Dias;10;22:17.561;27;00:48.040;False;3;True
6;2024-03-21;Kartódromo Rio Claro;anti-horário;890.0;1;João Silva;18;19:31.440;26;00:43.936;False;1;True
6;2024-03-21;Kartódromo Rio Claro;anti-horário;890.0;2;Pedro Santos;13;19:27.557;26;00:43.227;False;1;True
6;2024-03-21;Kartódromo Rio Claro;anti-horário;890.0;3;Lucas Oliveira;5;19:20.083;26;00:42.790;False;12;True
6;2024-03-21;Kartódromo Rio Claro;anti-horário;890.0;4;Mateus Souza;21;19:38.426;26;00:43.711;False;1;True
6;2024-03-21;Kartódromo Rio Claro;anti-horário;890.0;5;Gabriel Pereira;17;19:34.809;26;00:43.721;False;1;True
6;2024-03-21;Kartódromo Rio Claro;anti-horário;890.0;6;Rafael Costa;1;19:17.679;26;00:43.422;False;25;True
6;2024-03-21;Kartódromo Rio Claro;anti-horário;890.0;7;Thiago Almeida;12;19:22.441;26;00:43.264;False;1;True
6;2024-03-21;Kartódromo Rio Claro;anti-horário;890.0;8;Bruno Nascimento;6;19:21.145;26;00:43.156;False;10;True
6;2024-03-21;Kartódromo Rio Claro;anti-horário;890.0;9;Felipe Carvalho;8;19:18.704;26;00:43.613;False;6;True
6;2024-03-21;Kartódromo Rio Claro;anti-horário;890.0;10;André Araújo;24;19:37.760;26;00:43.348;False;1;True
6;2024-03-21;Kartódromo Rio Claro;anti-horário;890.0;11;Ricardo Ribeiro;11;19:21.736;26;00:43.534;False;2;True
6;2024-03-21;Kartódromo Rio Claro;anti-horário;890.0;12;Marcelo Ferreira;16;19:26.526;26;00:43.893;False;1;True
6;2024-03-21;Kartódromo Rio Claro;anti-horário;890.0;13;Diego Rodrigues;;;;;False;0;True
6;2024-03-21;Kartódromo Rio Claro;anti-horário;890.0;14;Leonardo Gomes;26;19:39.633;26;00:43.992;False;1;True
6;2024-03-21;Kartódromo Rio Claro;anti-horário;890.0;15;Caio Martins;25;19:36.340;26;00:44.277;False;1;True
6;2024-03-21;Kartódromo Rio Claro;anti-horário;890.0;16;Vinícius Barbosa;20;19:30.529;26;00:43.997;False;1;True
6;2024-03-21;Kartódromo Rio Claro;anti-horário;890.0;17;Henrique Rocha;;;;;False;0;True
6;2024-03-21;Kartódromo Rio Claro;anti-horário;890.0;18;Gustavo Moraes;3;19:24.175;26;00:43.279;True;17;True
6;2024-03-21;Kartódromo Rio Claro;anti-horário;890.0;19;Eduardo Pinto;19;19:35.566;26;00:43.784;False;1;True
6;2024-03-21;Kartódromo Rio Claro;anti-horário;890.0;20;Nicolas Cardoso;15;19:24.725;26;00:43.894;False;1;True
6;2024-03-21;Kartódromo Rio Claro;anti-horário;890.0;21;Daniel Lima;27;19:36.898;26;00:43.557;False;1;True
6;2024-03-21;Kartódromo Rio Claro;anti-horário;890.0;22;Fernando Fernandes;10;19:27.167;26;00:43.902;False;3;True
6;2024-03-21;Kartódromo Rio Claro;anti-horário;890.0;23;Rodrigo Mendes;2;19:17.703;26;00:43.635;False;20;True
6;2024-03-21;Kartódromo Rio Claro;anti-horário;890.0;24;Paulo Campos;23;19:28.840;26;00:43.033;False;1;True
6;2024-03-21;Kartódromo Rio Claro;anti-horário;890.0;25;Alexandre Correia;22;19:27.208;26;00:43.450;False;1;True
6;2024-03-21;Kartódromo Rio Claro;anti-horário;890.0;26;Sérgio Machado;7;19:25.757;26;00:43.907;False;8;True
6;2024-03-21;Kartódromo Rio Claro;anti-horário;890.0;27;Márcio Farias;14;19:26.259;26;00:43.515;False;1;True
6;2024-03-21;Kartódromo Rio Claro;anti-horário;890.0;28;Renato Tavares;;;;;False;0;False
6;2024-03-21;Kartódromo Rio Claro;anti-horário;890.0;29;Douglas Brito;4;19:21.761;26;00:43.436;False;14;True
6;2024-03-21;Kartódromo Rio Claro;anti-horário;890.0;30;Wesley Dias;9;19:25.649;26;00:43.718;False;4;True
7;2024-04-05;Kartódromo Vale do Sol;horário;1020.0;1;João Silva;17;17:59.076;21;00:50.150;False;1;True
7;2024-04-05;Kartódromo Vale do Sol;horário;1020.0;2;Pedro Santos;13;17:55.224;21;00:49.415;False;1;True
7;2024-04-05;Kartódromo Vale do Sol;horário;1020.0;3;Lucas Oliveira;2;17:51.008;21;00:49.221;False;20;True
7;2024-04-05;Kartódromo Vale do Sol;horário;1020.0;4;Mateus Souza;19;18:04.285;21;00:49.794;False;1;True
7;2024-04-05;Kartódromo Vale do Sol;horário;1020.0;5;Gabriel Pereira;16;18:02.395;21;00:49.675;False;1;True
7;2024-04-05;Kartódromo Vale do Sol;horário;1020.0;6;Rafael Costa;;;;;False;0;True
7;2024-04-05;Kartódromo Vale do Sol;horário;1020.0;7;Thiago Almeida;3;17:54.812;21;00:50.074;True;17;True
7;2024-04-05;Kartódromo Vale do Sol;horário;1020.0;8;Bruno Nascimento;5;17:57.147;21;00:49.670;False;12;True
7;2024-04-05;Kartódromo Vale do Sol;horário;1020.0;9;Felipe Carvalho;;;;;False;0;False
7;2024-04-05;Kartódromo Vale do Sol;horário;1020.0;10;André Araújo;15;17:59.636;21;00:49.859;False;1;True
7;2024-04-05;Kartódromo Vale do Sol;horário;1020.0;11;Ricardo Ribeiro;7;17:56.954;21;00:49.213;False;8;True
7;2024-04-05;Kartódromo Vale do Sol;horário;1020.0;12;Marcelo Ferreira;6;17:57.344;21;00:49.280;False;10;True
7;2024-04-05;Kartódromo Vale do Sol;horário;1020.0;13;Diego Rodrigues;22;18:08.943;21;00:50.593;False;1;True
7;2024-04-05;Kartódromo Vale do Sol;horário;1020.0;14;Leonardo Gomes;23;18:08.056;21;00:49.621;False;1;True
7;2024-04-05;Kartódromo Vale do Sol;horário;1020.0;15;Caio Martins;21;17:58.366;21;00:49.076;False;1;True
7;2024-04-05;Kartódromo Vale do Sol;horário;1020.0;16;Vinícius Barbosa;18;18:03.172;21;00:49.998;False;1;True
7;2024-04-05;Kartódromo Vale do Sol;horário;1020.0;17;Henrique Rocha;8;17:50.899;21;00:49.806;False;6;True
7;2024-04-05;Kartódromo Vale do Sol;horário;1020.0;18;Gustavo Moraes;;;;;False;0;False
7;2024-04-05;Kartódromo Vale do Sol;horário;1020.0;19;Eduardo Pinto;;;;;False;0;False
7;2024-04-05;Kartódromo Vale do Sol;horário;1020.0;20;Nicolas Cardoso;10;17:57.630;21;00:49.900;False;3;True
7;2024-04-05;Kartódromo Vale do Sol;horário;1020.0;21;Daniel Lima;24;18:08.993;21;00:50.515;False;1;True
7;2024-04-05;Kartódromo Vale do Sol;horário;1020.0;22;Fernando Fernandes;;;;;False;0;False
7;2024-04-05;Kartódromo Vale do Sol;horário;1020.0;23;Rodrigo Mendes;4;17:47.556;21;00:48.769;False;14;True
7;2024-04-05;Kartódromo Vale do Sol;horário;1020.0;24;Paulo Campos;11;17:57.658;21;00:49.988;False;2;True
7;2024-04-05;Kartódromo Vale do Sol;horário;1020.0;25;Alexandre Correia;12;17:57.411;21;00:49.175;False;1;True
7;2024-04-05;Kartódromo Vale do Sol;horário;1020.0;26;Sérgio Machado;14;18:01.154;21;00:49.795;False;1;True
7;2024-04-05;Kartódromo Vale do Sol;horário;1020.0;27;Márcio Farias;;;;;False;0;False
7;2024-04-05;Kartódromo Vale do Sol;horário;1020.0;28;Renato Tavares;20;18:04.820;21;00:50.356;False;1;True
7;2024-04-05;Kartódromo Vale do Sol;horário;1020.0;29;Douglas Brito;1;17:53.028;21;00:49.153;False;25;True
7;2024-04-05;Kartódromo Vale do Sol;horário;1020.0;30;Wesley Dias;9;17:56.472;21;00:49.042;False;4;True
8;2024-04-20;Kartódromo Internacional de Interlagos;anti-horário;1050.0;1;João Silva;21;21:07.696;24;00:50.918;False;1;True
8;2024-04-20;Kartódromo Internacional de Interlagos;anti-horário;1050.0;2;Pedro Santos;12;21:03.822;24;00:50.860;False;1;True
8;2024-04-20;Kartódromo Internacional de Interlagos;anti-horário;1050.0;3;Lucas Oliveira;;;;;False;0;False
8;2024-04-20;Kartódromo Internacional de Interlagos;anti-horário;1050.0;4;Mateus Souza;19;20:57.625;24;00:50.749;False;1;True
8;2024-04-20;Kartódromo Internacional de Interlagos;anti-horário;1050.0;5;Gabriel Pereira;23;21:08.835;24;00:51.321;False;1;True
8;2024-04-20;Kartódromo Internacional de Interlagos;anti-horário;1050.0;6;Rafael Costa;1;20:46.774;24;00:50.895;False;25;True
8;2024-04-20;Kartódromo Internacional de Interlagos;anti-horário;1050.0;7;Thiago Almeida;6;20:48.770;24;00:50.860;False;10;True
8;2024-04-20;Kartódromo Internacional de Interlagos;anti-horário;1050.0;8;Bruno Nascimento;5;20:52.543;24;00:51.063;False;12;True
8;2024-04-20;Kartódromo Internacional de Interlagos;anti-horário;1050.0;9;Felipe Carvalho;8;20:56.208;24;00:51.176;False;6;True
8;2024-04-20;Kartódromo Internacional de Interlagos;anti-horário;1050.0;10;André Araújo;10;20:59.471;24;00:51.057;False;3;True
8;2024-04-20;Kartódromo Internacional de Interlagos;anti-horário;1050.0;11;Ricardo Ribeiro;14;21:00.908;24;00:50.178;False;1;True
8;2024-04-20;Kartódromo Internacional de Interlagos;anti-horário;1050.0;12;Marcelo Ferreira;7;20:50.355;24;00:50.224;False;8;True
8;2024-04-20;Kartódromo Internacional de Interlagos;anti-horário;1050.0;13;Diego Rodrigues;;;;;False;0;False
8;2024-04-20;Kartódromo Internacional de Interlagos;anti-horário;1050.0;14;Leonardo Gomes;;;;;False;0;False
8;2024-04-20;Kartódromo Internacional de Interlagos;anti-horário;1050.0;15;Caio Martins;24;21:08.675;24;00:51.138;False;1;True
8;2024-04-20;Kartódromo Internacional de Interlagos;anti-horário;1050.0;16;Vinícius Barbosa;26;21:09.616;24;00:50.619;False;1;True
8;2024-04-20;Kartódromo Internacional de Interlagos;anti-horário;1050.0;17;Henrique Rocha;20;21:06.478;24;00:51.500;False;1;True
8;2024-04-20;Kartódromo Internacional de Interlagos;anti-horário;1050.0;18;Gustavo Moraes;2;20:47.471;24;00:50.513;False;20;True
8;2024-04-20;Kartódromo Internacional de Interlagos;anti-horário;1050.0;19;Eduardo Pinto;17;21:07.269;24;00:51.187;False;1;True
8;2024-04-20;Kartódromo Internacional de Interlagos;anti-horário;1050.0;20;Nicolas Cardoso;22;21:05.043;24;00:50.457;False;1;True
8;2024-04-20;Kartódromo Internacional de Interlagos;anti-horário;1050.0;21;Daniel Lima;25;21:08.725;24;00:51.118;False;1;True
8;2024-04-20;Kartódromo Internacional de Interlagos;anti-horário;1050.0;22;Fernando Fernandes;15;20:57.818;24;00:50.407;False;1;True
8;2024-04-20;Kartódromo Internacional de Interlagos;anti-horário;1050.0;23;Rodrigo Mendes;4;20:49.003;24;00:50.736;False;14;True
8;2024-04-20;Kartódromo Internacional de Interlagos;anti-horário;1050.0;24;Paulo Campos;11;20:53.834;24;00:50.790;False;2;True
8;2024-04-20;Kartódromo Internacional de Interlagos;anti-horário;1050.0;25;Alexandre Correia;13;20:55.927;24;00:50.153;False;1;True
8;2024-04-20;Kartódromo Internacional de Interlagos;anti-horário;1050.0;26;Sérgio Machado;18;21:01.802;24;00:50.445;False;1;True
8;2024-04-20;Kartódromo Internacional de Interlagos;anti-horário;1050.0;27;Márcio Farias;16;21:01.557;24;00:51.246;False;1;True
8;2024-04-20;Kartódromo Internacional de Interlagos;anti-horário;1050.0;28;Renato Tavares;;;;;False;0;False
8;2024-04-20;Kartódromo Internacional de Interlagos;anti-horário;1050.0;29;Douglas Brito;3;20:48.865;24;00:50.589;True;17;True
8;2024-04-20;Kartódromo Internacional de Interlagos;anti-horário;1050.0;30;Wesley Dias;9;20:57.056;24;00:50.793;False;4;True
9;2024-05-05;Kartódromo do Velociraptor;horário;920.0;1;João Silva;22;20:12.634;26;00:45.430;False;1;True
9;2024-05-05;Kartódromo do Velociraptor;horário;920.0;2;Pedro Santos;10;19:58.865;26;00:45.111;False;3;True
9;2024-05-05;Kartódromo do Velociraptor;horário;920.0;3;Lucas Oliveira;6;20:00.380;26;00:44.883;False;10;True
9;2024-05-05;Kartódromo do Velociraptor;horário;920.0;4;Mateus Souza;24;20:15.058;26;00:45.055;False;1;True
9;2024-05-05;Kartódromo do Velociraptor;horário;920.0;5;Gabriel Pereira;19;20:12.682;26;00:45.412;False;1;True
9;2024-05-05;Kartódromo do Velociraptor;horário;920.0;6;Rafael Costa;1;19:57.075;26;00:45.043;False;25;True
9;2024-05-05;Kartódromo do Velociraptor;horário;920.0;7;Thiago Almeida;;;;;False;0;True
9;2024-05-05;Kartódromo do Velociraptor;horário;920.0;8;Bruno Nascimento;5;20:00.973;26;00:44.203;False;12;True
9;2024-05-05;Kartódromo do Velociraptor;horário;920.0;9;Felipe Carvalho;12;20:01.454;26;00:45.134;False;1;True
9;2024-05-05;Kartódromo do Velociraptor;horário;920.0;10;André Araújo;20;20:08.588;26;00:44.434;False;1;True
9;2024-05-05;Kartódromo do Velociraptor;horário;920.0;11;Ricardo Ribeiro;11;20:00.366;26;00:45.118;False;2;True
9;2024-05-05;Kartódromo do Velociraptor;horário;920.0;12;Marcelo Ferreira;14;20:04.349;26;00:44.474;False;1;True
9;2024-05-05;Kartódromo do Velociraptor;horário;920.0;13;Diego Rodrigues;23;20:11.311;26;00:45.187;False;1;True
9;2024-05-05;Kartódromo do Velociraptor;horário;920.0;14;Leonardo Gomes;25;20:13.893;26;00:45.315;False;1;True
9;2024-05-05;Kartódromo do Velociraptor;horário;920.0;15;Caio Martins;26;20:17.942;26;00:44.979;False;1;True
9;2024-05-05;Kartódromo do Velociraptor;horário;920.0;16;Vinícius Barbosa;17;20:06.641;26;00:45.105;False;1;True
9;2024-05-05;Kartódromo do Velociraptor;horário;920.0;17;Henrique Rocha;;;;;False;0;False
9;2024-05-05;Kartódromo do Velociraptor;horário;920.0;18;Gustavo Moraes;4;20:02.652;26;00:44.571;False;14;True
9;2024-05-05;Kartódromo do Velociraptor;horário;920.0;19;Eduardo Pinto;;;;;False;0;False
9;2024-05-05;Kartódromo do Velociraptor;horário;920.0;20;Nicolas Cardoso;16;20:03.112;26;00:44.384;False;1;True
9;2024-05-05;Kartódromo do Velociraptor;horário;920.0;21;Daniel Lima;;;;;False;0;False
9;2024-05-05;Kartódromo do Velociraptor;horário;920.0;22;Fernando Fernandes;9;19:59.168;26;00:45.170;False;4;True
9;2024-05-05;Kartódromo do Velociraptor;horário;920.0;23;Rodrigo Mendes;3;19:54.110;26;00:44.430;False;17;True
9;2024-05-05;Kartódromo do Velociraptor;horário;920.0;24;Paulo Campos;8;20:00.604;26;00:44.220;False;6;True
9;2024-05-05;Kartódromo do Velociraptor;horário;920.0;25;Alexandre Correia;13;20:07.319;26;00:44.565;False;1;True
9;2024-05-05;Kartódromo do Velociraptor;horário;920.0;26;Sérgio Machado;7;20:00.878;26;00:44.395;False;8;True
9;2024-05-05;Kartódromo do Velociraptor;horário;920.0;27;Márcio Farias;18;20:07.525;26;00:44.802;False;1;True
9;2024-05-05;Kartódromo do Velociraptor;horário;920.0;28;Renato Tavares;21;20:07.337;26;00:44.792;False;1;True
9;2024-05-05;Kartódromo do Velociraptor;horário;920.0;29;Douglas Brito;2;19:53.950;26;00:44.591;True;20;True
9;2024-05-05;Kartódromo do Velociraptor;horário;920.0;30;Wesley Dias;15;20:04.841;26;00:45.157;False;1;True
10;2024-05-20;Kartódromo Costa Verde;anti-horário;850.0;1;João Silva;16;17:24.455;24;00:41.681;False;1;True
10;2024-05-20;Kartódromo Costa Verde;anti-horário;850.0;2;Pedro Santos;;;;;False;0;False
10;2024-05-20;Kartódromo Costa Verde;anti-horário;850.0;3;Lucas Oliveira;3;17:11.090;24;00:41.409;True;17;True
10;2024-05-20;Kartódromo Costa Verde;anti-horário;850.0;4;Mateus Souza;24;17:31.273;24;00:42.001;False;1;True
10;2024-05-20;Kartódromo Costa Verde;anti-horário;850.0;5;Gabriel Pereira;11;17:20.469;24;00:42.270;False;2;True
10;2024-05-20;Kartódromo Costa Verde;anti-horário;850.0;6;Rafael Costa;1;17:10.076;24;00:42.049;False;25;True
10;2024-05-20;Kartódromo Costa Verde;anti-horário;850.0;7;Thiago Almeida;5;17:19.221;24;00:42.166;False;12;True
10;2024-05-20;Kartódromo Costa Verde;anti-horário;850.0;8;Bruno Nascimento;6;17:13.732;24;00:41.238;False;10;True
10;2024-05-20;Kartódromo Costa Verde;anti-horário;850.0;9;Felipe Carvalho;8;17:17.915;24;00:42.125;False;6;True
10;2024-05-20;Kartódromo Costa Verde;anti-horário;850.0;10;André Araújo;13;17:16.076;24;00:41.429;False;1;True
10;2024-05-20;Kartódromo Costa Verde;anti-horário;850.0;11;Ricardo Ribeiro;17;17:23.538;24;00:42.604;False;1;True
10;2024-05-20;Kartódromo Costa Verde;anti-horário;850.0;12;Marcelo Ferreira;10;17:19.981;24;00:41.869;False;3;True
10;2024-05-20;Kartódromo Costa Verde;anti-horário;850.0;13;Diego Rodrigues;22;17:27.181;24;00:42.718;False;1;True
10;2024-05-20;Kartódromo Costa Verde;anti-horário;850.0;14;Leonardo Gomes;27;17:29.939;24;00:42.582;False;1;True
10;2024-05-20;Kartódromo Costa Verde;anti-horário;850.0;15;Caio Martins;28;17:26.406;24;00:42.028;False;1;True
10;2024-05-20;Kartódromo Costa Verde;anti-horário;850.0;16;Vinícius Barbosa;14;17:20.722;24;00:42.307;False;1;True
10;2024-05-20;Kartódromo Costa Verde;anti-horário;850.0;17;Henrique Rocha;18;17:18.833;24;00:41.505;False;1;True
10;2024-05-20;Kartódromo Costa Verde;anti-horário;850.0;18;Gustavo Moraes;;;;;False;0;False
10;2024-05-20;Kartódromo Costa Verde;anti-horário;850.0;19;Eduardo Pinto;23;17:24.070;24;00:41.877;False;1;True
10;2024-05-20;Kartódromo Costa Verde;anti-horário;850.0;20;Nicolas Cardoso;19;17:23.857;24;00:41.818;False;1;True
10;2024-05-20;Kartódromo Costa Verde;anti-horário;850.0;21;Daniel Lima;26;17:26.375;24;00:42.252;False;1;True
10;2024-05-20;Kartódromo Costa Verde;anti-horário;850.0;22;Fernando Fernandes;7;17:19.612;24;00:42.011;False;8;True
10;2024-05-20;Kartódromo Costa Verde;anti-horário;850.0;23;Rodrigo Mendes;4;17:13.181;24;00:41.711;False;14;True
10;2024-05-20;Kartódromo Costa Verde;anti-horário;850.0;24;Paulo Campos;9;17:22.343;24;00:42.549;False;4;True
10;2024-05-20;Kartódromo Costa Verde;anti-horário;850.0;25;Alexandre Correia;12;17:18.899;24;00:41.764;False;1;True
10;2024-05-20;Kartódromo Costa Verde;anti-horário;850.0;26;Sérgio Machado;21;17:25.286;24;00:42.430;False;1;True
10;2024-05-20;Kartódromo Costa Verde;anti-horário;850.0;27;Márcio Farias;15;17:20.513;24;00:42.435;False;1;True
10;2024-05-20;Kartódromo Costa Verde;anti-horário;850.0;28;Renato Tavares;25;17:27.295;24;00:42.160;False;1;True
10;2024-05-20;Kartódromo Costa Verde;anti-horário;850.0;29;Douglas Brito;2;17:14.063;24;00:41.530;False;20;True
10;2024-05-20;Kartódromo Costa Verde;anti-horário;850.0;30;Wesley Dias;20;17:21.184;24;00:42.024;False;1;True
11;2024-06-04;Kartódromo das Falésias;horário;1100.0;1;João Silva;;;;;False;0;True
11;2024-06-04;Kartódromo das Falésias;horário;1100.0;2;Pedro Santos;16;22:14.730;24;00:53.714;False;1;True
11;2024-06-04;Kartódromo das Falésias;horário;1100.0;3;Lucas Oliveira;;;;;False;0;False
11;2024-06-04;Kartódromo das Falésias;horário;1100.0;4;Mateus Souza;11;22:09.560;24;00:53.631;False;2;True
11;2024-06-04;Kartódromo das Falésias;horário;1100.0;5;Gabriel Pereira;23;22:21.866;24;00:53.965;False;1;True
11;2024-06-04;Kartódromo das Falésias;horário;1100.0;6;Rafael Costa;1;22:00.113;24;00:52.599;False;25;True
11;2024-06-04;Kartódromo das Falésias;horário;1100.0;7;Thiago Almeida;4;22:01.683;24;00:53.098;False;14;True
11;2024-06-04;Kartódromo das Falésias;horário;1100.0;8;Bruno Nascimento;8;22:08.612;24;00:53.766;False;6;True
11;2024-06-04;Kartódromo das Falésias;horário;1100.0;9;Felipe Carvalho;7;22:04.816;24;00:53.736;False;8;True
11;2024-06-04;Kartódromo das Falésias;horário;1100.0;10;André Araújo;10;22:07.724;24;00:52.956;False;3;True
11;2024-06-04;Kartódromo das Falésias;horário;1100.0;11;Ricardo Ribeiro;13;22:10.250;24;00:54.275;False;1;True
11;2024-06-04;Kartódromo das Falésias;horário;1100.0;12;Marcelo Ferreira;18;22:08.982;24;00:53.869;False;1;True
11;2024-06-04;Kartódromo das Falésias;horário;1100.0;13;Diego Rodrigues;17;22:12.541;24;00:53.615;False;1;True
11;2024-06-04;Kartódromo das Falésias;horário;1100.0;14;Leonardo Gomes;24;22:12.797;24;00:53.094;False;1;True
11;2024-06-04;Kartódromo das Falésias;horário;1100.0;15;Caio Martins;;;;;False;0;False
11;2024-06-04;Kartódromo das Falésias;horário;1100.0;16;Vinícius Barbosa;21;22:19.441;24;00:54.560;False;1;True
11;2024-06-04;Kartódromo das Falésias;horário;1100.0;17;Henrique Rocha;20;22:17.410;24;00:53.565;False;1;True
11;2024-06-04;Kartódromo das Falésias;horário;1100.0;18;Gustavo Moraes;3;22:01.937;24;00:52.944;False;17;True
11;2024-06-04;Kartódromo das Falésias;horário;1100.0;19;Eduardo Pinto;19;22:12.181;24;00:53.997;False;1;True
11;2024-06-04;Kartódromo das Falésias;horário;1100.0;20;Nicolas Cardoso;15;22:14.764;24;00:54.436;False;1;True
11;2024-06-04;Kartódromo das Falésias;horário;1100.0;21;Daniel Lima;;;;;False;0;False
11;2024-06-04;Kartódromo das Falésias;horário;1100.0;22;Fernando Fernandes;;;;;False;0;False
11;2024-06-04;Kartódromo das Falésias;horário;1100.0;23;Rodrigo Mendes;6;22:04.620;24;00:53.197;False;10;True
11;2024-06-04;Kartódromo das Falésias;horário;1100.0;24;Paulo Campos;14;22:06.136;24;00:53.434;False;1;True
11;2024-06-04;Kartódromo das Falésias;horário;1100.0;25;Alexandre Correia;5;22:02.499;24;00:52.911;False;12;True
11;2024-06-04;Kartódromo das Falésias;horário;1100.0;26;Sérgio Machado;12;22:05.723;24;00:53.736;False;1;True
11;2024-06-04;Kartódromo das Falésias;horário;1100.0;27;Márcio Farias;9;22:08.092;24;00:53.179;False;4;True
11;2024-06-04;Kartódromo das Falésias;horário;1100.0;28;Renato Tavares;22;22:18.764;24;00:53.697;False;1;True
11;2024-06-04;Kartódromo das Falésias;horário;1100.0;29;Douglas Brito;2;22:01.695;24;00:52.715;True;20;True
11;2024-06-04;Kartódromo das Falésias;horário;1100.0;30;Wesley Dias;;;;;False;0;False
12;2024-06-19;Kartódromo Serra Azul;anti-horário;980.0;1;João Silva;;;;;False;0;True
12;2024-06-19;Kartódromo Serra Azul;anti-horário;980.0;2;Pedro Santos;16;17:15.823;21;00:47.295;False;1;True
12;2024-06-19;Kartódromo Serra Azul;anti-horário;980.0;3;Lucas Oliveira;4;17:09.784;21;00:47.875;False;14;True
12;2024-06-19;Kartódromo Serra Azul;anti-horário;980.0;4;Mateus Souza;18;17:17.220;21;00:47.611;False;1;True
12;2024-06-19;Kartódromo Serra Azul;anti-horário;980.0;5;Gabriel Pereira;8;17:13.028;21;00:47.637;False;6;True
12;2024-06-19;Kartódromo Serra Azul;anti-horário;980.0;6;Rafael Costa;2;17:15.801;21;00:48.134;True;20;True
12;2024-06-19;Kartódromo Serra Azul;anti-horário;980.0;7;Thiago Almeida;9;17:19.290;21;00:47.960;False;4;True
12;2024-06-19;Kartódromo Serra Azul;anti-horário;980.0;8;Bruno Nascimento;14;17:17.198;21;00:47.349;False;1;True
12;2024-06-19;Kartódromo Serra Azul;anti-horário;980.0;9;Felipe Carvalho;11;17:17.882;21;00:48.407;False;2;True
12;2024-06-19;Kartódromo Serra Azul;anti-horário;980.0;10;André Araújo;12;17:16.303;21;00:48.043;False;1;True
12;2024-06-19;Kartódromo Serra Azul;anti-horário;980.0;11;Ricardo Ribeiro;17;17:17.761;21;00:47.345;False;1;True
12;2024-06-19;Kartódromo Serra Azul;anti-horário;980.0;12;Marcelo Ferreira;10;17:15.561;21;00:48.052;False;3;True
12;2024-06-19;Kartódromo Serra Azul;anti-horário;980.0;13;Diego Rodrigues;15;17:17.463;21;00:47.616;False;1;True
12;2024-06-19;Kartódromo Serra Azul;anti-horário;980.0;14;Leonardo Gomes;26;17:23.087;21;00:47.611;False;1;True
12;2024-06-19;Kartódromo Serra Azul;anti-horário;980.0;15;Caio Martins;25;17:26.598;21;00:48.817;False;1;True
12;2024-06-19;Kartódromo Serra Azul;anti-horário;980.0;16;Vinícius Barbosa;22;17:23.619;21;00:47.591;False;1;True
12;2024-06-19;Kartódromo Serra Azul;anti-horário;980.0;17;Henrique Rocha;19;17:19.315;21;00:48.277;False;1;True
12;2024-06-19;Kartódromo Serra Azul;anti-horário;980.0;18;Gustavo Moraes;3;17:09.578;21;00:47.862;False;17;True
12;2024-06-19;Kartódromo Serra Azul;anti-horário;980.0;19;Eduardo Pinto;23;17:23.603;21;00:47.816;False;1;True
12;2024-06-19;Kartódromo Serra Azul;anti-horário;980.0;20;Nicolas Cardoso;21;17:20.373;21;00:47.683;False;1;True
12;2024-06-19;Kartódromo Serra Azul;anti-horário;980.0;21;Daniel Lima;28;17:26.337;21;00:47.715;False;1;True
12;2024-06-19;Kartódromo Serra Azul;anti-horário;980.0;22;Fernando Fernandes;6;17:14.575;21;00:48.146;False;10;True
12;2024-06-19;Kartódromo Serra Azul;anti-horário;980.0;23;Rodrigo Mendes;5;17:11.132;21;00:47.783;False;12;True
12;2024-06-19;Kartódromo Serra Azul;anti-horário;980.0;24;Paulo Campos;24;17:26.462;21;00:48.640;False;1;True
12;2024-06-19;Kartódromo Serra Azul;anti-horário;980.0;25;Alexandre Correia;20;17:20.483;21;00:48.402;False;1;True
12;2024-06-19;Kartódromo Serra Azul;anti-horário;980.0;26;Sérgio Machado;13;17:17.085;21;00:48.098;False;1;True
12;2024-06-19;Kartódromo Serra Azul;anti-horário;980.0;27;Márcio Farias;;;;;False;0;False
12;2024-06-19;Kartódromo Serra Azul;anti-horário;980.0;28;Renato Tavares;27;17:22.341;21;00:47.559;False;1;True
12;2024-06-19;Kartódromo Serra Azul;anti-horário;980.0;29;Douglas Brito;1;17:08.798;21;00:46.792;False;25;True
12;2024-06-19;Kartódromo Serra Azul;anti-horário;980.0;30;Wesley Dias;7;17:15.080;21;00:47.213;False;8;True
13;2024-07-04;Kartódromo Rio Claro;horário;890.0;1;João Silva;9;20:56.608;28;00:43.978;False;4;True
13;2024-07-04;Kartódromo Rio Claro;horário;890.0;2;Pedro Santos;;;;;False;0;False
13;2024-07-04;Kartódromo Rio Claro;horário;890.0;3;Lucas Oliveira;4;20:47.469;28;00:43.522;False;14;True
13;2024-07-04;Kartódromo Rio Claro;horário;890.0;4;Mateus Souza;20;21:05.993;28;00:44.027;False;1;True
13;2024-07-04;Kartódromo Rio Claro;horário;890.0;5;Gabriel Pereira;11;20:51.742;28;00:43.474;False;2;True
13;2024-07-04;Kartódromo Rio Claro;horário;890.0;6;Rafael Costa;2;20:42.653;28;00:42.587;True;20;True
13;2024-07-04;Kartódromo Rio Claro;horário;890.0;7;Thiago Almeida;6;20:46.239;28;00:43.321;False;10;True
13;2024-07-04;Kartódromo Rio Claro;horário;890.0;8;Bruno Nascimento;5;20:53.592;28;00:42.943;False;12;True
13;2024-07-04;Kartódromo Rio Claro;horário;890.0;9;Felipe Carvalho;8;20:51.894;28;00:43.609;False;6;True
13;2024-07-04;Kartódromo Rio Claro;horário;890.0;10;André Araújo;;;;;False;0;False
13;2024-07-04;Kartódromo Rio Claro;horário;890.0;11;Ricardo Ribeiro;;;;;False;0;False
13;2024-07-04;Kartódromo Rio Claro;horário;890.0;12;Marcelo Ferreira;7;20:56.411;28;00:43.552;False;8;True
13;2024-07-04;Kartódromo Rio Claro;horário;890.0;13;Diego Rodrigues;17;20:52.524;28;00:43.681;False;1;True
13;2024-07-04;Kartódromo Rio Claro;horário;890.0;14;Leonardo Gomes;;;;;False;0;False
13;2024-07-04;Kartódromo Rio Claro;horário;890.0;15;Caio Martins;23;21:05.680;28;00:43.907;False;1;True
13;2024-07-04;Kartódromo Rio Claro;horário;890.0;16;Vinícius Barbosa;21;21:00.516;28;00:44.004;False;1;True
13;2024-07-04;Kartódromo Rio Claro;horário;890.0;17;Henrique Rocha;16;21:01.583;28;00:43.272;False;1;True
13;2024-07-04;Kartódromo Rio Claro;horário;890.0;18;Gustavo Moraes;3;20:43.046;28;00:42.987;False;17;True
13;2024-07-04;Kartódromo Rio Claro;horário;890.0;19;Eduardo Pinto;19;20:56.394;28;00:43.961;False;1;True
13;2024-07-04;Kartódromo Rio Claro;horário;890.0;20;Nicolas Cardoso;12;20:51.676;28;00:43.096;False;1;True
13;2024-07-04;Kartódromo Rio Claro;horário;890.0;21;Daniel Lima;22;21:04.551;28;00:43.383;False;1;True
13;2024-07-04;Kartódromo Rio Claro;horário;890.0;22;Fernando Fernandes;;;;;False;0;False
13;2024-07-04;Kartódromo Rio Claro;horário;890.0;23;Rodrigo Mendes;;;;;False;0;True
13;2024-07-04;Kartódromo Rio Claro;horário;890.0;24;Paulo Campos;;;;;False;0;True
13;2024-07-04;Kartódromo Rio Claro;horário;890.0;25;Alexandre Correia;15;21:03.145;28;00:44.146;False;1;True
13;2024-07-04;Kartódromo Rio Claro;horário;890.0;26;Sérgio Machado;10;20:53.089;28;00:43.584;False;3;True
13;2024-07-04;Kartódromo Rio Claro;horário;890.0;27;Márcio Farias;13;20:56.309;28;00:43.231;False;1;True
13;2024-07-04;Kartódromo Rio Claro;horário;890.0;28;Renato Tavares;18;21:02.213;28;00:44.161;False;1;True
13;2024-07-04;Kartódromo Rio Claro;horário;890.0;29;Douglas Brito;1;20:40.105;28;00:43.013;False;25;True
13;2024-07-04;Kartódromo Rio Claro;horário;890.0;30;Wesley Dias;14;20:51.479;28;00:42.847;False;1;True
14;2024-07-19;Kartódromo Vale do Sol;anti-horário;1020.0;1;João Silva;21;25:46.948;30;00:50.427;False;1;True
14;2024-07-19;Kartódromo Vale do Sol;anti-horário;1020.0;2;Pedro Santos;16;25:45.926;30;00:49.441;False;1;True
14;2024-07-19;Kartódromo Vale do Sol;anti-horário;1020.0;3;Lucas Oliveira;2;25:36.648;30;00:49.029;False;20;True
14;2024-07-19;Kartódromo Vale do Sol;anti-horário;1020.0;4;Mateus Souza;22;25:43.804;30;00:50.380;False;1;True
14;2024-07-19;Kartódromo Vale do Sol;anti-horário;1020.0;5;Gabriel Pereira;9;25:36.714;30;00:49.953;False;4;True
14;2024-07-19;Kartódromo Vale do Sol;anti-horário;1020.0;6;Rafael Costa;1;25:26.484;30;00:49.160;False;25;True
14;2024-07-19;Kartódromo Vale do Sol;anti-horário;1020.0;7;Thiago Almeida;10;25:38.975;30;00:49.359;False;3;True
14;2024-07-19;Kartódromo Vale do Sol;anti-horário;1020.0;8;Bruno Nascimento;12;25:47.690;30;00:49.273;False;1;True
14;2024-07-19;Kartódromo Vale do Sol;anti-horário;1020.0;9;Felipe Carvalho;6;25:38.769;30;00:49.839;False;10;True
14;2024-07-19;Kartódromo Vale do Sol;anti-horário;1020.0;10;André Araújo;15;25:42.603;30;00:50.332;False;1;True
14;2024-07-19;Kartódromo Vale do Sol;anti-horário;1020.0;11;Ricardo Ribeiro;13;25:38.358;30;00:49.733;False;1;True
14;2024-07-19;Kartódromo Vale do Sol;anti-horário;1020.0;12;Marcelo Ferreira;3;25:32.045;30;00:49.726;True;17;True
14;2024-07-19;Kartódromo Vale do Sol;anti-horário;1020.0;13;Diego Rodrigues;;;;;False;0;False
14;2024-07-19;Kartódromo Vale do Sol;anti-horário;1020.0;14;Leonardo Gomes;25;25:56.081;30;00:50.702;False;1;True
14;2024-07-19;Kartódromo Vale do Sol;anti-horário;1020.0;15;Caio Martins;27;26:02.759;30;00:50.869;False;1;True
14;2024-07-19;Kartódromo Vale do Sol;anti-horário;1020.0;16;Vinícius Barbosa;18;25:47.828;30;00:49.916;False;1;True
14;2024-07-19;Kartódromo Vale do Sol;anti-horário;1020.0;17;Henrique Rocha;20;25:47.643;30;00:49.687;False;1;True
14;2024-07-19;Kartódromo Vale do Sol;anti-horário;1020.0;18;Gustavo Moraes;4;25:36.347;30;00:50.120;False;14;True
14;2024-07-19;Kartódromo Vale do Sol;anti-horário;1020.0;19;Eduardo Pinto;26;25:51.527;30;00:49.480;False;1;True
14;2024-07-19;Kartódromo Vale do Sol;anti-horário;1020.0;20;Nicolas Cardoso;24;25:48.560;30;00:49.730;False;1;True
14;2024-07-19;Kartódromo Vale do Sol;anti-horário;1020.0;21;Daniel Lima;28;25:57.024;30;00:50.461;False;1;True
14;2024-07-19;Kartódromo Vale do Sol;anti-horário;1020.0;22;Fernando Fernandes;11;25:46.621;30;00:50.410;False;2;True
14;2024-07-19;Kartódromo Vale do Sol;anti-horário;1020.0;23;Rodrigo Mendes;7;25:43.296;30;00:49.971;False;8;True
14;2024-07-19;Kartódromo Vale do Sol;anti-horário;1020.0;24;Paulo Campos;14;25:45.716;30;00:49.754;False;1;True
14;2024-07-19;Kartódromo Vale do Sol;anti-horário;1020.0;25;Alexandre Correia;17;25:39.615;30;00:50.217;False;1;True
14;2024-07-19;Kartódromo Vale do Sol;anti-horário;1020.0;26;Sérgio Machado;23;25:47.861;30;00:50.339;False;1;True
14;2024-07-19;Kartódromo Vale do Sol;anti-horário;1020.0;27;Márcio Farias;8;25:36.789;30;00:49.941;False;6;True
14;2024-07-19;Kartódromo Vale do Sol;anti-horário;1020.0;28;Renato Tavares;;;;;False;0;False
14;2024-07-19;Kartódromo Vale do Sol;anti-horário;1020.0;29;Douglas Brito;5;25:33.059;30;00:49.449;False;12;True
14;2024-07-19;Kartódromo Vale do Sol;anti-horário;1020.0;30;Wesley Dias;19;25:44.107;30;00:50.252;False;1;True
15;2024-08-03;Kartódromo Internacional de Interlagos;horário;1050.0;1;João Silva;19;17:29.301;20;00:50.854;False;1;True
15;2024-08-03;Kartódromo Internacional de Interlagos;horário;1050.0;2;Pedro Santos;15;17:30.322;20;00:50.542;False;1;True
15;2024-08-03;Kartódromo Internacional de Interlagos;horário;1050.0;3;Lucas Oliveira;3;17:17.983;20;00:50.458;False;17;True
15;2024-08-03;Kartódromo Internacional de Interlagos;horário;1050.0;4;Mateus Souza;21;17:31.892;20;00:50.751;False;1;True
15;2024-08-03;Kartódromo Internacional de Interlagos;horário;1050.0;5;Gabriel Pereira;18;17:32.995;20;00:51.191;False;1;True
15;2024-08-03;Kartódromo Internacional de Interlagos;horário;1050.0;6;Rafael Costa;2;17:17.955;20;00:50.756;False;20;True
15;2024-08-03;Kartódromo Internacional de Interlagos;horário;1050.0;7;Thiago Almeida;6;17:25.682;20;00:50.487;False;10;True
15;2024-08-03;Kartódromo Internacional de Interlagos;horário;1050.0;8;Bruno Nascimento;4;17:22.127;20;00:49.943;False;14;True
15;2024-08-03;Kartódromo Internacional de Interlagos;horário;1050.0;9;Felipe Carvalho;;;;;False;0;False
15;2024-08-03;Kartódromo Internacional de Interlagos;horário;1050.0;10;André Araújo;23;17:31.855;20;00:51.539;False;1;True
15;2024-08-03;Kartódromo Internacional de Interlagos;horário;1050.0;11;Ricardo Ribeiro;14;17:28.586;20;00:50.104;False;1;True
15;2024-08-03;Kartódromo Internacional de Interlagos;horário;1050.0;12;Marcelo Ferreira;;;;;False;0;False
15;2024-08-03;Kartódromo Internacional de Interlagos;horário;1050.0;13;Diego Rodrigues;10;17:24.382;20;00:50.629;False;3;True
15;2024-08-03;Kartódromo Internacional de Interlagos;horário;1050.0;14;Leonardo Gomes;22;17:37.574;20;00:51.447;False;1;True
15;2024-08-03;Kartódromo Internacional de Interlagos;horário;1050.0;15;Caio Martins;26;17:37.236;20;00:50.703;False;1;True
15;2024-08-03;Kartódromo Internacional de Interlagos;horário;1050.0;16;Vinícius Barbosa;24;17:35.005;20;00:50.922;False;1;True
15;2024-08-03;Kartódromo Internacional de Interlagos;horário;1050.0;17;Henrique Rocha;13;17:22.639;20;00:50.351;False;1;True
15;2024-08-03;Kartódromo Internacional de Interlagos;horário;1050.0;18;Gustavo Moraes;1;17:20.454;20;00:50.963;True;25;True
15;2024-08-03;Kartódromo Internacional de Interlagos;horário;1050.0;19;Eduardo Pinto;16;17:31.276;20;00:50.716;False;1;True
15;2024-08-03;Kartódromo Internacional de Interlagos;horário;1050.0;20;Nicolas Cardoso;11;17:24.384;20;00:50.671;False;2;True
15;2024-08-03;Kartódromo Internacional de Interlagos;horário;1050.0;21;Daniel Lima;25;17:38.586;20;00:50.791;False;1;True
15;2024-08-03;Kartódromo Internacional de Interlagos;horário;1050.0;22;Fernando Fernandes;7;17:25.076;20;00:50.636;False;8;True
15;2024-08-03;Kartódromo Internacional de Interlagos;horário;1050.0;23;Rodrigo Mendes;;;;;False;0;False
15;2024-08-03;Kartódromo Internacional de Interlagos;horário;1050.0;24;Paulo Campos;17;17:28.802;20;00:50.110;False;1;True
15;2024-08-03;Kartódromo Internacional de Interlagos;horário;1050.0;25;Alexandre Correia;12;17:28.840;20;00:50.364;False;1;True
15;2024-08-03;Kartódromo Internacional de Interlagos;horário;1050.0;26;Sérgio Machado;8;17:24.475;20;00:50.138;False;6;True
15;2024-08-03;Kartódromo Internacional de Interlagos;horário;1050.0;27;Márcio Farias;20;17:34.373;20;00:50.762;False;1;True
15;2024-08-03;Kartódromo Internacional de Interlagos;horário;1050.0;28;Renato Tavares;27;17:36.748;20;00:50.708;False;1;True
15;2024-08-03;Kartódromo Internacional de Interlagos;horário;1050.0;29;Douglas Brito;5;17:21.203;20;00:50.386;False;12;True
15;2024-08-03;Kartódromo Internacional de Interlagos;horário;1050.0;30;Wesley Dias;9;17:24.433;20;00:50.703;False;4;True
16;2024-08-18;Kartódromo do Velociraptor;anti-horário;920.0;1;João Silva;15;21:44.586;28;00:45.556;False;1;True
16;2024-08-18;Kartódromo do Velociraptor;anti-horário;920.0;2;Pedro Santos;17;21:41.468;28;00:44.481;False;1;True
16;2024-08-18;Kartódromo do Velociraptor;anti-horário;920.0;3;Lucas Oliveira;;;;;False;0;False
16;2024-08-18;Kartódromo do Velociraptor;anti-horário;920.0;4;Mateus Souza;;;;;False;0;False
16;2024-08-18;Kartódromo do Velociraptor;anti-horário;920.0;5;Gabriel Pereira;;;;;False;0;False
16;2024-08-18;Kartódromo do Velociraptor;anti-horário;920.0;6;Rafael Costa;1;21:27.020;28;00:44.938;False;25;True
16;2024-08-18;Kartódromo do Velociraptor;anti-horário;920.0;7;Thiago Almeida;4;21:27.696;28;00:44.824;False;14;True
16;2024-08-18;Kartódromo do Velociraptor;anti-horário;920.0;8;Bruno Nascimento;8;21:31.414;28;00:44.227;False;6;True
16;2024-08-18;Kartódromo do Velociraptor;anti-horário;920.0;9;Felipe Carvalho;11;21:39.643;28;00:44.669;False;2;True
16;2024-08-18;Kartódromo do Velociraptor;anti-horário;920.0;10;André Araújo;14;21:33.122;28;00:44.521;False;1;True
16;2024-08-18;Kartódromo do Velociraptor;anti-horário;920.0;11;Ricardo Ribeiro;;;;;False;0;False
16;2024-08-18;Kartódromo do Velociraptor;anti-horário;920.0;12;Marcelo Ferreira;5;21:34.287;28;00:45.188;False;12;True
16;2024-08-18;Kartódromo do Velociraptor;anti-horário;920.0;13;Diego Rodrigues;21;21:44.120;28;00:44.548;False;1;True
16;2024-08-18;Kartódromo do Velociraptor;anti-horário;920.0;14;Leonardo Gomes;;;;;False;0;False
16;2024-08-18;Kartódromo do Velociraptor;anti-horário;920.0;15;Caio Martins;23;21:50.334;28;00:45.829;False;1;True
16;2024-08-18;Kartódromo do Velociraptor;anti-horário;920.0;16;Vinícius Barbosa;10;21:45.231;28;00:45.651;False;3;True
16;2024-08-18;Kartódromo do Velociraptor;anti-horário;920.0;17;Henrique Rocha;18;21:43.553;28;00:45.035;False;1;True
16;2024-08-18;Kartódromo do Velociraptor;anti-horário;920.0;18;Gustavo Moraes;2;21:33.597;28;00:45.040;False;20;True
16;2024-08-18;Kartódromo do Velociraptor;anti-horário;920.0;19;Eduardo Pinto;7;21:29.924;28;00:44.997;False;8;True
16;2024-08-18;Kartódromo do Velociraptor;anti-horário;920.0;20;Nicolas Cardoso;13;21:42.314;28;00:44.578;False;1;True
16;2024-08-18;Kartódromo do Velociraptor;anti-horário;920.0;21;Daniel Lima;24;21:48.692;28;00:44.730;False;1;True
16;2024-08-18;Kartódromo do Velociraptor;anti-horário;920.0;22;Fernando Fernandes;9;21:29.035;28;00:44.681;False;4;True
16;2024-08-18;Kartódromo do Velociraptor;anti-horário;920.0;23;Rodrigo Mendes;3;21:32.960;28;00:44.576;True;17;True
16;2024-08-18;Kartódromo do Velociraptor;anti-horário;920.0;24;Paulo Campos;16;21:38.018;28;00:45.061;False;1;True
16;2024-08-18;Kartódromo do Velociraptor;anti-horário;920.0;25;Alexandre Correia;12;21:38.032;28;00:44.867;False;1;True
16;2024-08-18;Kartódromo do Velociraptor;anti-horário;920.0;26;Sérgio Machado;20;21:49.518;28;00:45.558;False;1;True
16;2024-08-18;Kartódromo do Velociraptor;anti-horário;920.0;27;Márcio Farias;19;21:45.508;28;00:45.260;False;1;True
16;2024-08-18;Kartódromo do Velociraptor;anti-horário;920.0;28;Renato Tavares;22;21:43.415;28;00:44.524;False;1;True
16;2024-08-18;Kartódromo do Velociraptor;anti-horário;920.0;29;Douglas Brito;;;;;False;0;False
16;2024-08-18;Kartódromo do Velociraptor;anti-horário;920.0;30;Wesley Dias;6;21:31.434;28;00:44.685;False;10;True
17;2024-09-02;Kartódromo Costa Verde;horário;850.0;1;João Silva;13;17:58.717;25;00:41.268;False;1;True
17;2024-09-02;Kartódromo Costa Verde;horário;850.0;2;Pedro Santos;15;18:04.272;25;00:42.060;False;1;True
17;2024-09-02;Kartódromo Costa Verde;horário;850.0;3;Lucas Oliveira;1;17:57.392;25;00:41.554;True;25;True
17;2024-09-02;Kartódromo Costa Verde;horário;850.0;4;Mateus Souza;27;18:15.858;25;00:42.577;False;1;True
17;2024-09-02;Kartódromo Costa Verde;horário;850.0;5;Gabriel Pereira;19;18:09.264;25;00:41.796;False;1;True
17;2024-09-02;Kartódromo Costa Verde;horário;850.0;6;Rafael Costa;2;17:58.516;25;00:41.428;False;20;True
17;2024-09-02;Kartódromo Costa Verde;horário;850.0;7;Thiago Almeida;10;18:06.072;25;00:42.417;False;3;True
17;2024-09-02;Kartódromo Costa Verde;horário;850.0;8;Bruno Nascimento;5;17:58.279;25;00:41.803;False;12;True
17;2024-09-02;Kartódromo Costa Verde;horário;850.0;9;Felipe Carvalho;12;18:00.238;25;00:41.794;False;1;True
17;2024-09-02;Kartódromo Costa Verde;horário;850.0;10;André Araújo;23;18:07.953;25;00:42.439;False;1;True
17;2024-09-02;Kartódromo Costa Verde;horário;850.0;11;Ricardo Ribeiro;9;18:03.852;25;00:41.426;False;4;True
17;2024-09-02;Kartódromo Costa Verde;horário;850.0;12;Marcelo Ferreira;20;18:11.524;25;00:41.817;False;1;True
17;2024-09-02;Kartódromo Costa Verde;horário;850.0;13;Diego Rodrigues;18;18:12.072;25;00:42.558;False;1;True
17;2024-09-02;Kartódromo Costa Verde;horário;850.0;14;Leonardo Gomes;25;18:16.120;25;00:42.398;False;1;True
17;2024-09-02;Kartódromo Costa Verde;horário;850.0;15;Caio Martins;30;18:09.287;25;00:42.254;False;1;True
17;2024-09-02;Kartódromo Costa Verde;horário;850.0;16;Vinícius Barbosa;26;18:12.303;25;00:41.900;False;1;True
17;2024-09-02;Kartódromo Costa Verde;horário;850.0;17;Henrique Rocha;11;18:00.188;25;00:41.795;False;2;True
17;2024-09-02;Kartódromo Costa Verde;horário;850.0;18;Gustavo Moraes;3;17:59.981;25;00:41.433;False;17;True
17;2024-09-02;Kartódromo Costa Verde;horário;850.0;19;Eduardo Pinto;24;18:07.075;25;00:42.278;False;1;True
17;2024-09-02;Kartódromo Costa Verde;horário;850.0;20;Nicolas Cardoso;16;18:06.183;25;00:42.278;False;1;True
17;2024-09-02;Kartódromo Costa Verde;horário;850.0;21;Daniel Lima;29;18:09.556;25;00:42.612;False;1;True
17;2024-09-02;Kartódromo Costa Verde;horário;850.0;22;Fernando Fernandes;7;17:59.533;25;00:41.897;False;8;True
17;2024-09-02;Kartódromo Costa Verde;horário;850.0;23;Rodrigo Mendes;6;17:50.616;25;00:41.688;False;10;True
17;2024-09-02;Kartódromo Costa Verde;horário;850.0;24;Paulo Campos;17;18:08.506;25;00:42.102;False;1;True
17;2024-09-02;Kartódromo Costa Verde;horário;850.0;25;Alexandre Correia;8;18:02.416;25;00:41.981;False;6;True
17;2024-09-02;Kartódromo Costa Verde;horário;850.0;26;Sérgio Machado;22;18:04.230;25;00:42.353;False;1;True
17;2024-09-02;Kartódromo Costa Verde;horário;850.0;27;Márcio Farias;21;18:08.052;25;00:42.461;False;1;True
17;2024-09-02;Kartódromo Costa Verde;horário;850.0;28;Renato Tavares;28;18:11.608;25;00:42.483;False;1;True
17;2024-09-02;Kartódromo Costa Verde;horário;850.0;29;Douglas Brito;4;17:55.341;25;00:42.025;False;14;True
17;2024-09-02;Kartódromo Costa Verde;horário;850.0;30;Wesley Dias;14;18:05.908;25;00:42.257;False;1;True
18;2024-09-17;Kartódromo das Falésias;anti-horário;1100.0;1;João Silva;18;20:26.847;22;00:53.522;False;1;True
18;2024-09-17;Kartódromo das Falésias;anti-horário;1100.0;2;Pedro Santos;23;20:24.964;22;00:53.280;False;1;True
18;2024-09-17;Kartódromo das Falésias;anti-horário;1100.0;3;Lucas Oliveira;3;20:13.606;22;00:53.336;False;17;True
18;2024-09-17;Kartódromo das Falésias;anti-horário;1100.0;4;Mateus Souza;11;20:19.384;22;00:53.023;False;2;True
18;2024-09-17;Kartódromo das Falésias;anti-horário;1100.0;5;Gabriel Pereira;17;20:22.731;22;00:53.388;False;1;True
18;2024-09-17;Kartódromo das Falésias;anti-horário;1100.0;6;Rafael Costa;;;;;False;0;False
18;2024-09-17;Kartódromo das Falésias;anti-horário;1100.0;7;Thiago Almeida;5;20:17.231;22;00:53.754;False;12;True
18;2024-09-17;Kartódromo das Falésias;anti-horário;1100.0;8;Bruno Nascimento;8;20:17.549;22;00:53.109;False;6;True
18;2024-09-17;Kartódromo das Falésias;anti-horário;1100.0;9;Felipe Carvalho;13;20:22.195;22;00:53.937;False;1;True
18;2024-09-17;Kartódromo das Falésias;anti-horário;1100.0;10;André Araújo;16;20:23.224;22;00:53.141;False;1;True
18;2024-09-17;Kartódromo das Falésias;anti-horário;1100.0;11;Ricardo Ribeiro;14;20:19.268;22;00:53.713;False;1;True
18;2024-09-17;Kartódromo das Falésias;anti-horário;1100.0;12;Marcelo Ferreira;12;20:18.719;22;00:53.412;False;1;True
18;2024-09-17;Kartódromo das Falésias;anti-horário;1100.0;13;Diego Rodrigues;15;20:20.951;22;00:53.687;False;1;True
18;2024-09-17;Kartódromo das Falésias;anti-horário;1100.0;14;Leonardo Gomes;28;20:33.355;22;00:53.600;False;1;True
18;2024-09-17;Kartódromo das Falésias;anti-horário;1100.0;15;Caio Martins;25;20:27.319;22;00:54.067;False;1;True
18;2024-09-17;Kartódromo das Falésias;anti-horário;1100.0;16;Vinícius Barbosa;19;20:22.624;22;00:53.234;False;1;True
18;2024-09-17;Kartódromo das Falésias;anti-horário;1100.0;17;Henrique Rocha;21;20:24.965;22;00:54.197;False;1;True
18;2024-09-17;Kartódromo das Falésias;anti-horário;1100.0;18;Gustavo Moraes;2;20:08.912;22;00:52.698;False;20;True
18;2024-09-17;Kartódromo das Falésias;anti-horário;1100.0;19;Eduardo Pinto;27;20:29.272;22;00:53.854;False;1;True
18;2024-09-17;Kartódromo das Falésias;anti-horário;1100.0;20;Nicolas Cardoso;24;20:26.196;22;00:53.896;False;1;True
18;2024-09-17;Kartódromo das Falésias;anti-horário;1100.0;21;Daniel Lima;26;20:31.504;22;00:54.431;False;1;True
18;2024-09-17;Kartódromo das Falésias;anti-horário;1100.0;22;Fernando Fernandes;9;20:10.883;22;00:52.773;False;4;True
18;2024-09-17;Kartódromo das Falésias;anti-horário;1100.0;23;Rodrigo Mendes;4;20:07.599;22;00:52.727;False;14;True
18;2024-09-17;Kartódromo das Falésias;anti-horário;1100.0;24;Paulo Campos;6;20:14.617;22;00:53.504;False;10;True
18;2024-09-17;Kartódromo das Falésias;anti-horário;1100.0;25;Alexandre Correia;20;20:25.098;22;00:53.679;False;1;True
18;2024-09-17;Kartódromo das Falésias;anti-horário;1100.0;26;Sérgio Machado;22;20:25.147;22;00:53.820;False;1;True
18;2024-09-17;Kartódromo das Falésias;anti-horário;1100.0;27;Márcio Farias;7;20:17.594;22;00:52.881;False;8;True
18;2024-09-17;Kartódromo das Falésias;anti-horário;1100.0;28;Renato Tavares;29;20:33.904;22;00:54.244;False;1;True
18;2024-09-17;Kartódromo das Falésias;anti-horário;1100.0;29;Douglas Brito;1;20:10.791;22;00:52.645;True;25;True
18;2024-09-17;Kartódromo das Falésias;anti-horário;1100.0;30;Wesley Dias;10;20:20.292;22;00:53.030;False;3;True
19;2024-10-02;Kartódromo Serra Azul;horário;980.0;1;João Silva;21;18:07.245;22;00:47.894;False;1;True
19;2024-10-02;Kartódromo Serra Azul;horário;980.0;2;Pedro Santos;;;;;False;0;False
19;2024-10-02;Kartódromo Serra Azul;horário;980.0;3;Lucas Oliveira;2;18:00.944;22;00:47.902;True;20;True
19;2024-10-02;Kartódromo Serra Azul;horário;980.0;4;Mateus Souza;;;;;False;0;False
19;2024-10-02;Kartódromo Serra Azul;horário;980.0;5;Gabriel Pereira;17;18:05.670;22;00:47.562;False;1;True
19;2024-10-02;Kartódromo Serra Azul;horário;980.0;6;Rafael Costa;1;17:54.516;22;00:47.693;False;25;True
19;2024-10-02;Kartódromo Serra Azul;horário;980.0;7;Thiago Almeida;5;18:04.720;22;00:47.092;False;12;True
19;2024-10-02;Kartódromo Serra Azul;horário;980.0;8;Bruno Nascimento;6;17:57.008;22;00:47.647;False;10;True
19;2024-10-02;Kartódromo Serra Azul;horário;980.0;9;Felipe Carvalho;19;18:10.070;22;00:48.086;False;1;True
19;2024-10-02;Kartódromo Serra Azul;horário;980.0;10;André Araújo;20;18:03.105;22;00:47.878;False;1;True
19;2024-10-02;Kartódromo Serra Azul;horário;980.0;11;Ricardo Ribeiro;13;18:05.811;22;00:48.231;False;1;True
19;2024-10-02;Kartódromo Serra Azul;horário;980.0;12;Marcelo Ferreira;15;18:06.929;22;00:47.982;False;1;True
19;2024-10-02;Kartódromo Serra Azul;horário;980.0;13;Diego Rodrigues;18;18:09.287;22;00:48.514;False;1;True
19;2024-10-02;Kartódromo Serra Azul;horário;980.0;14;Leonardo Gomes;22;18:11.536;22;00:48.155;False;1;True
19;2024-10-02;Kartódromo Serra Azul;horário;980.0;15;Caio Martins;25;18:13.132;22;00:48.289;False;1;True
19;2024-10-02;Kartódromo Serra Azul;horário;980.0;16;Vinícius Barbosa;24;18:18.637;22;00:47.730;False;1;True
19;2024-10-02;Kartódromo Serra Azul;horário;980.0;17;Henrique Rocha;;;;;False;0;False
19;2024-10-02;Kartódromo Serra Azul;horário;980.0;18;Gustavo Moraes;7;17:59.601;22;00:47.228;False;8;True
19;2024-10-02;Kartódromo Serra Azul;horário;980.0;19;Eduardo Pinto;26;18:13.875;22;00:47.519;False;1;True
19;2024-10-02;Kartódromo Serra Azul;horário;980.0;20;Nicolas Cardoso;23;18:13.630;22;00:48.306;False;1;True
19;2024-10-02;Kartódromo Serra Azul;horário;980.0;21;Daniel Lima;;;;;False;0;False
19;2024-10-02;Kartódromo Serra Azul;horário;980.0;22;Fernando Fernandes;9;18:05.842;22;00:47.691;False;4;True
19;2024-10-02;Kartódromo Serra Azul;horário;980.0;23;Rodrigo Mendes;3;17:58.022;22;00:46.993;False;17;True
19;2024-10-02;Kartódromo Serra Azul;horário;980.0;24;Paulo Campos;8;18:00.546;22;00:47.626;False;6;True
19;2024-10-02;Kartódromo Serra Azul;horário;980.0;25;Alexandre Correia;11;17:58.521;22;00:47.860;False;2;True
19;2024-10-02;Kartódromo Serra Azul;horário;980.0;26;Sérgio Machado;12;18:10.832;22;00:47.538;False;1;True
19;2024-10-02;Kartódromo Serra Azul;horário;980.0;27;Márcio Farias;10;18:06.226;22;00:48.241;False;3;True
19;2024-10-02;Kartódromo Serra Azul;horário;980.0;28;Renato Tavares;16;18:06.683;22;00:47.971;False;1;True
19;2024-10-02;Kartódromo Serra Azul;horário;980.0;29;Douglas Brito;4;17:58.725;22;00:47.936;False;14;True
19;2024-10-02;Kartódromo Serra Azul;horário;980.0;30;Wesley Dias;14;18:10.694;22;00:47.530;False;1;True
20;2024-10-17;Kartódromo Rio Claro;anti-horário;890.0;1;João Silva;10;14:55.633;20;00:43.230;False;3;True
20;2024-10-17;Kartódromo Rio Claro;anti-horário;890.0;2;Pedro Santos;8;14:56.626;20;00:43.161;False;6;True
20;2024-10-17;Kartódromo Rio Claro;anti-horário;890.0;3;Lucas Oliveira;;;;;False;0;False
20;2024-10-17;Kartódromo Rio Claro;anti-horário;890.0;4;Mateus Souza;;;;;False;0;False
20;2024-10-17;Kartódromo Rio Claro;anti-horário;890.0;5;Gabriel Pereira;23;15:01.946;20;00:44.004;False;1;True
20;2024-10-17;Kartódromo Rio Claro;anti-horário;890.0;6;Rafael Costa;1;14:51.030;20;00:43.091;False;25;True
20;2024-10-17;Kartódromo Rio Claro;anti-horário;890.0;7;Thiago Almeida;;;;;False;0;False
20;2024-10-17;Kartódromo Rio Claro;anti-horário;890.0;8;Bruno Nascimento;2;14:52.564;20;00:43.172;False;20;True
20;2024-10-17;Kartódromo Rio Claro;anti-horário;890.0;9;Felipe Carvalho;6;14:59.293;20;00:44.018;False;10;True
20;2024-10-17;Kartódromo Rio Claro;anti-horário;890.0;10;André Araújo;11;14:55.220;20;00:43.309;False;2;True
20;2024-10-17;Kartódromo Rio Claro;anti-horário;890.0;11;Ricardo Ribeiro;14;15:00.984;20;00:43.025;False;1;True
20;2024-10-17;Kartódromo Rio Claro;anti-horário;890.0;12;Marcelo Ferreira;;;;;False;0;False
20;2024-10-17;Kartódromo Rio Claro;anti-horário;890.0;13;Diego Rodrigues;17;14:59.332;20;00:43.955;False;1;True
20;2024-10-17;Kartódromo Rio Claro;anti-horário;890.0;14;Leonardo Gomes;18;14:58.804;20;00:43.850;False;1;True
20;2024-10-17;Kartódromo Rio Claro;anti-horário;890.0;15;Caio Martins;22;15:02.300;20;00:43.849;False;1;True
20;2024-10-17;Kartódromo Rio Claro;anti-horário;890.0;16;Vinícius Barbosa;21;15:01.767;20;00:43.318;False;1;True
20;2024-10-17;Kartódromo Rio Claro;anti-horário;890.0;17;Henrique Rocha;9;14:56.984;20;00:43.008;False;4;True
20;2024-10-17;Kartódromo Rio Claro;anti-horário;890.0;18;Gustavo Moraes;5;14:47.737;20;00:42.793;False;12;True
20;2024-10-17;Kartódromo Rio Claro;anti-horário;890.0;19;Eduardo Pinto;16;14:57.673;20;00:43.810;False;1;True
20;2024-10-17;Kartódromo Rio Claro;anti-horário;890.0;20;Nicolas Cardoso;19;14:55.887;20;00:43.212;False;1;True
20;2024-10-17;Kartódromo Rio Claro;anti-horário;890.0;21;Daniel Lima;24;15:01.036;20;00:43.850;False;1;True
20;2024-10-17;Kartódromo Rio Claro;anti-horário;890.0;22;Fernando Fernandes;3;14:52.064;20;00:43.009;True;17;True
20;2024-10-17;Kartódromo Rio Claro;anti-horário;890.0;23;Rodrigo Mendes;4;14:53.308;20;00:43.099;False;14;True
20;2024-10-17;Kartódromo Rio Claro;anti-horário;890.0;24;Paulo Campos;13;14:56.680;20;00:43.342;False;1;True
20;2024-10-17;Kartódromo Rio Claro;anti-horário;890.0;25;Alexandre Correia;15;14:55.846;20;00:43.760;False;1;True
20;2024-10-17;Kartódromo Rio Claro;anti-horário;890.0;26;Sérgio Machado;12;14:55.093;20;00:43.241;False;1;True
20;2024-10-17;Kartódromo Rio Claro;anti-horário;890.0;27;Márcio Farias;7;14:50.247;20;00:43.281;False;8;True
20;2024-10-17;Kartódromo Rio Claro;anti-horário;890.0;28;Renato Tavares;20;15:00.357;20;00:43.210;False;1;True
20;2024-10-17;Kartódromo Rio Claro;anti-horário;890.0;29;Douglas Brito;;;;;False;0;False
20;2024-10-17;Kartódromo Rio Claro;anti-horário;890.0;30;Wesley Dias;;;;;False;0;False
21;2024-11-01;Kartódromo Vale do Sol;horário;1020.0;1;João Silva;19;24:56.148;29;00:49.685;False;1;True
21;2024-11-01;Kartódromo Vale do Sol;horário;1020.0;2;Pedro Santos;15;24:45.106;29;00:49.423;False;1;True
21;2024-11-01;Kartódromo Vale do Sol;horário;1020.0;3;Lucas Oliveira;5;24:44.009;29;00:49.983;False;12;True
21;2024-11-01;Kartódromo Vale do Sol;horário;1020.0;4;Mateus Souza;;;;;False;0;True
21;2024-11-01;Kartódromo Vale do Sol;horário;1020.0;5;Gabriel Pereira;;;;;False;0;False
21;2024-11-01;Kartódromo Vale do Sol;horário;1020.0;6;Rafael Costa;2;24:36.639;29;00:49.346;False;20;True
21;2024-11-01;Kartódromo Vale do Sol;horário;1020.0;7;Thiago Almeida;6;24:45.486;29;00:49.191;False;10;True
21;2024-11-01;Kartódromo Vale do Sol;horário;1020.0;8;Bruno Nascimento;3;24:42.060;29;00:49.727;False;17;True
21;2024-11-01;Kartódromo Vale do Sol;horário;1020.0;9;Felipe Carvalho;;;;;False;0;False
21;2024-11-01;Kartódromo Vale do Sol;horário;1020.0;10;André Araújo;11;24:52.442;29;00:49.687;False;2;True
21;2024-11-01;Kartódromo Vale do Sol;horário;1020.0;11;Ricardo Ribeiro;17;24:58.055;29;00:50.102;False;1;True
21;2024-11-01;Kartódromo Vale do Sol;horário;1020.0;12;Marcelo Ferreira;8;24:40.029;29;00:49.708;False;6;True
21;2024-11-01;Kartódromo Vale do Sol;horário;1020.0;13;Diego Rodrigues;18;24:53.484;29;00:49.503;False;1;True
21;2024-11-01;Kartódromo Vale do Sol;horário;1020.0;14;Leonardo Gomes;23;25:00.952;29;00:50.702;False;1;True
21;2024-11-01;Kartódromo Vale do Sol;horário;1020.0;15;Caio Martins;22;25:04.648;29;00:50.659;False;1;True
21;2024-11-01;Kartódromo Vale do Sol;horário;1020.0;16;Vinícius Barbosa;21;25:01.667;29;00:49.756;False;1;True
21;2024-11-01;Kartódromo Vale do Sol;horário;1020.0;17;Henrique Rocha;10;24:48.838;29;00:49.505;False;3;True
21;2024-11-01;Kartódromo Vale do Sol;horário;1020.0;18;Gustavo Moraes;;;;;False;0;False
21;2024-11-01;Kartódromo Vale do Sol;horário;1020.0;19;Eduardo Pinto;14;24:48.070;29;00:49.006;False;1;True
21;2024-11-01;Kartódromo Vale do Sol;horário;1020.0;20;Nicolas Cardoso;20;25:02.728;29;00:49.828;False;1;True
21;2024-11-01;Kartódromo Vale do Sol;horário;1020.0;21;Daniel Lima;;;;;False;0;False
21;2024-11-01;Kartódromo Vale do Sol;horário;1020.0;22;Fernando Fernandes;1;24:43.303;29;00:49.630;True;25;True
21;2024-11-01;Kartódromo Vale do Sol;horário;1020.0;23;Rodrigo Mendes;4;24:48.367;29;00:49.986;False;14;True
21;2024-11-01;Kartódromo Vale do Sol;horário;1020.0;24;Paulo Campos;9;24:48.403;29;00:49.826;False;4;True
21;2024-11-01;Kartódromo Vale do Sol;horário;1020.0;25;Alexandre Correia;13;24:54.386;29;00:49.394;False;1;True
21;2024-11-01;Kartódromo Vale do Sol;horário;1020.0;26;Sérgio Machado;7;24:49.444;29;00:49.620;False;8;True
21;2024-11-01;Kartódromo Vale do Sol;horário;1020.0;27;Márcio Farias;12;24:48.652;29;00:50.044;False;1;True
21;2024-11-01;Kartódromo Vale do Sol;horário;1020.0;28;Renato Tavares;16;24:43.882;29;00:49.461;False;1;True
21;2024-11-01;Kartódromo Vale do Sol;horário;1020.0;29;Douglas Brito;;;;;False;0;False
21;2024-11-01;Kartódromo Vale do Sol;horário;1020.0;30;Wesley Dias;;;;;False;0;False
22;2024-11-16;Kartódromo Internacional de Interlagos;anti-horário;1050.0;1;João Silva;23;20:14.299;23;00:51.428;False;1;True
22;2024-11-16;Kartódromo Internacional de Interlagos;anti-horário;1050.0;2;Pedro Santos;14;20:04.457;23;00:50.419;False;1;True
22;2024-11-16;Kartódromo Internacional de Interlagos;anti-horário;1050.0;3;Lucas Oliveira;4;20:03.105;23;00:50.498;False;14;True
22;2024-11-16;Kartódromo Internacional de Interlagos;anti-horário;1050.0;4;Mateus Souza;25;20:21.372;23;00:51.580;False;1;True
22;2024-11-16;Kartódromo Internacional de Interlagos;anti-horário;1050.0;5;Gabriel Pereira;18;20:06.632;23;00:50.392;False;1;True
22;2024-11-16;Kartódromo Internacional de Interlagos;anti-horário;1050.0;6;Rafael Costa;2;19:57.858;23;00:50.045;False;20;True
22;2024-11-16;Kartódromo Internacional de Interlagos;anti-horário;1050.0;7;Thiago Almeida;5;19:56.080;23;00:50.059;False;12;True
22;2024-11-16;Kartódromo Internacional de Interlagos;anti-horário;1050.0;8;Bruno Nascimento;12;20:01.881;23;00:49.970;False;1;True
22;2024-11-16;Kartódromo Internacional de Interlagos;anti-horário;1050.0;9;Felipe Carvalho;13;20:04.884;23;00:50.759;False;1;True
22;2024-11-16;Kartódromo Internacional de Interlagos;anti-horário;1050.0;10;André Araújo;19;20:05.073;23;00:50.705;False;1;True
22;2024-11-16;Kartódromo Internacional de Interlagos;anti-horário;1050.0;11;Ricardo Ribeiro;;;;;False;0;False
22;2024-11-16;Kartódromo Internacional de Interlagos;anti-horário;1050.0;12;Marcelo Ferreira;3;19:57.618;23;00:50.176;True;17;True
22;2024-11-16;Kartódromo Internacional de Interlagos;anti-horário;1050.0;13;Diego Rodrigues;20;20:13.136;23;00:50.602;False;1;True
22;2024-11-16;Kartódromo Internacional de Interlagos;anti-horário;1050.0;14;Leonardo Gomes;24;20:13.207;23;00:51.472;False;1;True
22;2024-11-16;Kartódromo Internacional de Interlagos;anti-horário;1050.0;15;Caio Martins;;;;;False;0;False
22;2024-11-16;Kartódromo Internacional de Interlagos;anti-horário;1050.0;16;Vinícius Barbosa;16;20:05.439;23;00:50.476;False;1;True
22;2024-11-16;Kartódromo Internacional de Interlagos;anti-horário;1050.0;17;Henrique Rocha;17;20:06.038;23;00:51.118;False;1;True
22;2024-11-16;Kartódromo Internacional de Interlagos;anti-horário;1050.0;18;Gustavo Moraes;8;20:01.747;23;00:50.011;False;6;True
22;2024-11-16;Kartódromo Internacional de Interlagos;anti-horário;1050.0;19;Eduardo Pinto;22;20:12.867;23;00:50.649;False;1;True
22;2024-11-16;Kartódromo Internacional de Interlagos;anti-horário;1050.0;20;Nicolas Cardoso;;;;;False;0;True
22;2024-11-16;Kartódromo Internacional de Interlagos;anti-horário;1050.0;21;Daniel Lima;21;20:17.940;23;00:51.155;False;1;True
22;2024-11-16;Kartódromo Internacional de Interlagos;anti-horário;1050.0;22;Fernando Fernandes;7;20:00.192;23;00:50.723;False;8;True
22;2024-11-16;Kartódromo Internacional de Interlagos;anti-horário;1050.0;23;Rodrigo Mendes;6;20:04.104;23;00:51.257;False;10;True
22;2024-11-16;Kartódromo Internacional de Interlagos;anti-horário;1050.0;24;Paulo Campos;;;;;False;0;False
22;2024-11-16;Kartódromo Internacional de Interlagos;anti-horário;1050.0;25;Alexandre Correia;11;19:54.181;23;00:50.596;False;2;True
22;2024-11-16;Kartódromo Internacional de Interlagos;anti-horário;1050.0;26;Sérgio Machado;9;20:00.044;23;00:50.588;False;4;True
22;2024-11-16;Kartódromo Internacional de Interlagos;anti-horário;1050.0;27;Márcio Farias;10;20:02.933;23;00:50.451;False;3;True
22;2024-11-16;Kartódromo Internacional de Interlagos;anti-horário;1050.0;28;Renato Tavares;;;;;False;0;False
22;2024-11-16;Kartódromo Internacional de Interlagos;anti-horário;1050.0;29;Douglas Brito;1;19:55.343;23;00:50.185;False;25;True
22;2024-11-16;Kartódromo Internacional de Interlagos;anti-horário;1050.0;30;Wesley Dias;15;20:09.541;23;00:50.434;False;1;True
23;2024-12-01;Kartódromo do Velociraptor;horário;920.0;1;João Silva;18;23:10.656;30;00:44.478;False;1;True
23;2024-12-01;Kartódromo do Velociraptor;horário;920.0;2;Pedro Santos;14;23:13.223;30;00:45.084;False;1;True
23;2024-12-01;Kartódromo do Velociraptor;horário;920.0;3;Lucas Oliveira;6;23:04.623;30;00:45.199;False;10;True
23;2024-12-01;Kartódromo do Velociraptor;horário;920.0;4;Mateus Souza;19;23:14.060;30;00:44.720;False;1;True
23;2024-12-01;Kartódromo do Velociraptor;horário;920.0;5;Gabriel Pereira;13;23:05.804;30;00:45.056;False;1;True
23;2024-12-01;Kartódromo do Velociraptor;horário;920.0;6;Rafael Costa;3;23:01.421;30;00:44.384;False;17;True
23;2024-12-01;Kartódromo do Velociraptor;horário;920.0;7;Thiago Almeida;;;;;False;0;False
23;2024-12-01;Kartódromo do Velociraptor;horário;920.0;8;Bruno Nascimento;5;22:57.840;30;00:44.721;False;12;True
23;2024-12-01;Kartódromo do Velociraptor;horário;920.0;9;Felipe Carvalho;;;;;False;0;False
23;2024-12-01;Kartódromo do Velociraptor;horário;920.0;10;André Araújo;21;23:12.722;30;00:44.916;False;1;True
23;2024-12-01;Kartódromo do Velociraptor;horário;920.0;11;Ricardo Ribeiro;10;23:13.034;30;00:45.310;False;3;True
23;2024-12-01;Kartódromo do Velociraptor;horário;920.0;12;Marcelo Ferreira;9;23:04.893;30;00:44.503;False;4;True
23;2024-12-01;Kartódromo do Velociraptor;horário;920.0;13;Diego Rodrigues;;;;;False;0;False
23;2024-12-01;Kartódromo do Velociraptor;horário;920.0;14;Leonardo Gomes;;;;;False;0;True
23;2024-12-01;Kartódromo do Velociraptor;horário;920.0;15;Caio Martins;17;23:19.680;30;00:45.675;False;1;True
23;2024-12-01;Kartódromo do Velociraptor;horário;920.0;16;Vinícius Barbosa;12;23:13.117;30;00:45.129;False;1;True
23;2024-12-01;Kartódromo do Velociraptor;horário;920.0;17;Henrique Rocha;22;23:20.092;30;00:45.058;False;1;True
23;2024-12-01;Kartódromo do Velociraptor;horário;920.0;18;Gustavo Moraes;2;23:00.718;30;00:44.045;True;20;True
23;2024-12-01;Kartódromo do Velociraptor;horário;920.0;19;Eduardo Pinto;23;23:21.960;30;00:45.704;False;1;True
23;2024-12-01;Kartódromo do Velociraptor;horário;920.0;20;Nicolas Cardoso;20;23:23.990;30;00:45.285;False;1;True
23;2024-12-01;Kartódromo do Velociraptor;horário;920.0;21;Daniel Lima;;;;;False;0;False
23;2024-12-01;Kartódromo do Velociraptor;horário;920.0;22;Fernando Fernandes;7;23:07.583;30;00:44.432;False;8;True
23;2024-12-01;Kartódromo do Velociraptor;horário;920.0;23;Rodrigo Mendes;4;22:57.092;30;00:44.236;False;14;True
23;2024-12-01;Kartódromo do Velociraptor;horário;920.0;24;Paulo Campos;25;23:18.842;30;00:44.565;False;1;True
23;2024-12-01;Kartódromo do Velociraptor;horário;920.0;25;Alexandre Correia;11;23:02.385;30;00:44.254;False;2;True
23;2024-12-01;Kartódromo do Velociraptor;horário;920.0;26;Sérgio Machado;8;23:08.339;30;00:45.138;False;6;True
23;2024-12-01;Kartódromo do Velociraptor;horário;920.0;27;Márcio Farias;16;23:08.770;30;00:45.089;False;1;True
23;2024-12-01;Kartódromo do Velociraptor;horário;920.0;28;Renato Tavares;24;23:19.529;30;00:45.201;False;1;True
23;2024-12-01;Kartódromo do Velociraptor;horário;920.0;29;Douglas Brito;1;23:05.348;30;00:45.036;False;25;True
23;2024-12-01;Kartódromo do Velociraptor;horário;920.0;30;Wesley Dias;15;23:09.633;30;00:44.756;False;1;True
24;2024-12-16;Kartódromo Costa Verde;anti-horário;850.0;1;João Silva;20;19:30.472;27;00:41.894;False;1;True
24;2024-12-16;Kartódromo Costa Verde;anti-horário;850.0;2;Pedro Santos;22;19:37.804;27;00:42.648;False;1;True
24;2024-12-16;Kartódromo Costa Verde;anti-horário;850.0;3;Lucas Oliveira;3;19:26.157;27;00:41.309;False;17;True
24;2024-12-16;Kartódromo Costa Verde;anti-horário;850.0;4;Mateus Souza;18;19:38.178;27;00:41.716;False;1;True
24;2024-12-16;Kartódromo Costa Verde;anti-horário;850.0;5;Gabriel Pereira;11;19:24.389;27;00:41.769;False;2;True
24;2024-12-16;Kartódromo Costa Verde;anti-horário;850.0;6;Rafael Costa;;;;;False;0;False
24;2024-12-16;Kartódromo Costa Verde;anti-horário;850.0;7;Thiago Almeida;8;19:27.459;27;00:41.672;False;6;True
24;2024-12-16;Kartódromo Costa Verde;anti-horário;850.0;8;Bruno Nascimento;6;19:26.190;27;00:42.109;False;10;True
24;2024-12-16;Kartódromo Costa Verde;anti-horário;850.0;9;Felipe Carvalho;;;;;False;0;False
24;2024-12-16;Kartódromo Costa Verde;anti-horário;850.0;10;André Araújo;15;19:29.034;27;00:41.565;False;1;True
24;2024-12-16;Kartódromo Costa Verde;anti-horário;850.0;11;Ricardo Ribeiro;2;19:25.047;27;00:41.688;True;20;True
24;2024-12-16;Kartódromo Costa Verde;anti-horário;850.0;12;Marcelo Ferreira;13;19:28.768;27;00:41.438;False;1;True
24;2024-12-16;Kartódromo Costa Verde;anti-horário;850.0;13;Diego Rodrigues;19;19:33.021;27;00:42.017;False;1;True
24;2024-12-16;Kartódromo Costa Verde;anti-horário;850.0;14;Leonardo Gomes;21;19:37.285;27;00:41.676;False;1;True
24;2024-12-16;Kartódromo Costa Verde;anti-horário;850.0;15;Caio Martins;;;;;False;0;False
24;2024-12-16;Kartódromo Costa Verde;anti-horário;850.0;16;Vinícius Barbosa;;;;;False;0;True
24;2024-12-16;Kartódromo Costa Verde;anti-horário;850.0;17;Henrique Rocha;;;;;False;0;True
24;2024-12-16;Kartódromo Costa Verde;anti-horário;850.0;18;Gustavo Moraes;;;;;False;0;False
24;2024-12-16;Kartódromo Costa Verde;anti-horário;850.0;19;Eduardo Pinto;23;19:40.773;27;00:42.449;False;1;True
24;2024-12-16;Kartódromo Costa Verde;anti-horário;850.0;20;Nicolas Cardoso;16;19:34.906;27;00:42.093;False;1;True
24;2024-12-16;Kartódromo Costa Verde;anti-horário;850.0;21;Daniel Lima;;;;;False;0;False
24;2024-12-16;Kartódromo Costa Verde;anti-horário;850.0;22;Fernando Fernandes;10;19:25.369;27;00:42.054;False;3;True
24;2024-12-16;Kartódromo Costa Verde;anti-horário;850.0;23;Rodrigo Mendes;4;19:21.946;27;00:41.699;False;14;True
24;2024-12-16;Kartódromo Costa Verde;anti-horário;850.0;24;Paulo Campos;12;19:24.633;27;00:41.479;False;1;True
24;2024-12-16;Kartódromo Costa Verde;anti-horário;850.0;25;Alexandre Correia;7;19:34.364;27;00:41.810;False;8;True
24;2024-12-16;Kartódromo Costa Verde;anti-horário;850.0;26;Sérgio Machado;9;19:33.432;27;00:42.387;False;4;True
24;2024-12-16;Kartódromo Costa Verde;anti-horário;850.0;27;Márcio Farias;17;19:35.831;27;00:41.765;False;1;True
24;2024-12-16;Kartódromo Costa Verde;anti-horário;850.0;28;Renato Tavares;14;19:25.374;27;00:41.566;False;1;True
24;2024-12-16;Kartódromo Costa Verde;anti-horário;850.0;29;Douglas Brito;1;19:19.282;27;00:41.336;False;25;True
24;2024-12-16;Kartódromo Costa Verde;anti-horário;850.0;30;Wesley Dias;5;19:26.357;27;00:42.052;False;12;True
25;2024-12-31;Kartódromo das Falésias;horário;1100.0;1;João Silva;19;18:35.183;20;00:53.765;False;1;True
25;2024-12-31;Kartódromo das Falésias;horário;1100.0;2;Pedro Santos;9;18:24.449;20;00:52.796;False;4;True
25;2024-12-31;Kartódromo das Falésias;horário;1100.0;3;Lucas Oliveira;7;18:20.569;20;00:52.597;False;8;True
25;2024-12-31;Kartódromo das Falésias;horário;1100.0;4;Mateus Souza;21;18:35.639;20;00:54.578;False;1;True
25;2024-12-31;Kartódromo das Falésias;horário;1100.0;5;Gabriel Pereira;17;18:29.990;20;00:54.075;False;1;True
25;2024-12-31;Kartódromo das Falésias;horário;1100.0;6;Rafael Costa;1;18:20.048;20;00:53.292;False;25;True
25;2024-12-31;Kartódromo das Falésias;horário;1100.0;7;Thiago Almeida;5;18:23.581;20;00:53.220;False;12;True
25;2024-12-31;Kartódromo das Falésias;horário;1100.0;8;Bruno Nascimento;;;;;False;0;True
25;2024-12-31;Kartódromo das Falésias;horário;1100.0;9;Felipe Carvalho;3;18:24.745;20;00:53.464;True;17;True
25;2024-12-31;Kartódromo das Falésias;horário;1100.0;10;André Araújo;10;18:27.307;20;00:53.542;False;3;True
25;2024-12-31;Kartódromo das Falésias;horário;1100.0;11;Ricardo Ribeiro;18;18:34.328;20;00:54.256;False;1;True
25;2024-12-31;Kartódromo das Falésias;horário;1100.0;12;Marcelo Ferreira;13;18:27.402;20;00:53.129;False;1;True
25;2024-12-31;Kartódromo das Falésias;horário;1100.0;13;Diego Rodrigues;;;;;False;0;False
25;2024-12-31;Kartódromo das Falésias;horário;1100.0;14;Leonardo Gomes;20;18:31.301;20;00:53.444;False;1;True
25;2024-12-31;Kartódromo das Falésias;horário;1100.0;15;Caio Martins;23;18:33.734;20;00:53.759;False;1;True
25;2024-12-31;Kartódromo das Falésias;horário;1100.0;16;Vinícius Barbosa;;;;;False;0;True
25;2024-12-31;Kartódromo das Falésias;horário;1100.0;17;Henrique Rocha;16;18:33.078;20;00:54.103;False;1;True
25;2024-12-31;Kartódromo das Falésias;horário;1100.0;18;Gustavo Moraes;;;;;False;0;False
25;2024-12-31;Kartódromo das Falésias;horário;1100.0;19;Eduardo Pinto;;;;;False;0;False
25;2024-12-31;Kartódromo das Falésias;horário;1100.0;20;Nicolas Cardoso;14;18:28.276;20;00:53.298;False;1;True
25;2024-12-31;Kartódromo das Falésias;horário;1100.0;21;Daniel Lima;24;18:38.800;20;00:54.627;False;1;True
25;2024-12-31;Kartódromo das Falésias;horário;1100.0;22;Fernando Fernandes;6;18:23.010;20;00:53.159;False;10;True
25;2024-12-31;Kartódromo das Falésias;horário;1100.0;23;Rodrigo Mendes;4;18:22.251;20;00:53.967;False;14;True
25;2024-12-31;Kartódromo das Falésias;horário;1100.0;24;Paulo Campos;;;;;False;0;False
25;2024-12-31;Kartódromo das Falésias;horário;1100.0;25;Alexandre Correia;12;18:30.226;20;00:54.219;False;1;True
25;2024-12-31;Kartódromo das Falésias;horário;1100.0;26;Sérgio Machado;11;18:25.455;20;00:53.737;False;2;True
25;2024-12-31;Kartódromo das Falésias;horário;1100.0;27;Márcio Farias;8;18:22.685;20;00:53.076;False;6;True
25;2024-12-31;Kartódromo das Falésias;horário;1100.0;28;Renato Tavares;22;18:36.754;20;00:53.337;False;1;True
25;2024-12-31;Kartódromo das Falésias;horário;1100.0;29;Douglas Brito;2;18:18.916;20;00:53.813;False;20;True
25;2024-12-31;Kartódromo das Falésias;horário;1100.0;30;Wesley Dias;15;18:28.602;20;00:53.022;False;1;True
26;2025-01-15;Kartódromo Serra Azul;anti-horário;980.0;1;João Silva;28;21:33.277;26;00:48.319;False;1;True
26;2025-01-15;Kartódromo Serra Azul;anti-horário;980.0;2;Pedro Santos;;;;;False;0;False
26;2025-01-15;Kartódromo Serra Azul;anti-horário;980.0;3;Lucas Oliveira;2;21:13.650;26;00:47.717;False;20;True
26;2025-01-15;Kartódromo Serra Azul;anti-horário;980.0;4;Mateus Souza;25;21:33.808;26;00:48.505;False;1;True
26;2025-01-15;Kartódromo Serra Azul;anti-horário;980.0;5;Gabriel Pereira;12;21:27.821;26;00:48.141;False;1;True
26;2025-01-15;Kartódromo Serra Azul;anti-horário;980.0;6;Rafael Costa;1;21:08.861;26;00:47.062;False;25;True
26;2025-01-15;Kartódromo Serra Azul;anti-horário;980.0;7;Thiago Almeida;8;21:20.444;26;00:48.172;False;6;True
26;2025-01-15;Kartódromo Serra Azul;anti-horário;980.0;8;Bruno Nascimento;4;21:16.956;26;00:47.035;False;14;True
26;2025-01-15;Kartódromo Serra Azul;anti-horário;980.0;9;Felipe Carvalho;7;21:20.879;26;00:48.219;False;8;True
26;2025-01-15;Kartódromo Serra Azul;anti-horário;980.0;10;André Araújo;22;21:30.490;26;00:47.830;False;1;True
26;2025-01-15;Kartódromo Serra Azul;anti-horário;980.0;11;Ricardo Ribeiro;13;21:26.734;26;00:47.426;False;1;True
26;2025-01-15;Kartódromo Serra Azul;anti-horário;980.0;12;Marcelo Ferreira;14;21:25.169;26;00:48.408;False;1;True
26;2025-01-15;Kartódromo Serra Azul;anti-horário;980.0;13;Diego Rodrigues;20;21:20.413;26;00:47.104;False;1;True
26;2025-01-15;Kartódromo Serra Azul;anti-horário;980.0;14;Leonardo Gomes;24;21:35.796;26;00:47.801;False;1;True
26;2025-01-15;Kartódromo Serra Azul;anti-horário;980.0;15;Caio Martins;26;21:34.961;26;00:48.151;False;1;True
26;2025-01-15;Kartódromo Serra Azul;anti-horário;980.0;16;Vinícius Barbosa;21;21:30.839;26;00:48.261;False;1;True
26;2025-01-15;Kartódromo Serra Azul;anti-horário;980.0;17;Henrique Rocha;23;21:30.518;26;00:47.761;False;1;True
26;2025-01-15;Kartódromo Serra Azul;anti-horário;980.0;18;Gustavo Moraes;5;21:16.620;26;00:47.997;False;12;True
26;2025-01-15;Kartódromo Serra Azul;anti-horário;980.0;19;Eduardo Pinto;18;21:23.893;26;00:47.636;False;1;True
26;2025-01-15;Kartódromo Serra Azul;anti-horário;980.0;20;Nicolas Cardoso;15;21:21.436;26;00:47.314;False;1;True
26;2025-01-15;Kartódromo Serra Azul;anti-horário;980.0;21;Daniel Lima;19;21:30.615;26;00:48.150;False;1;True
26;2025-01-15;Kartódromo Serra Azul;anti-horário;980.0;22;Fernando Fernandes;10;21:17.744;26;00:48.155;False;3;True
26;2025-01-15;Kartódromo Serra Azul;anti-horário;980.0;23;Rodrigo Mendes;3;21:16.921;26;00:47.580;True;17;True
26;2025-01-15;Kartódromo Serra Azul;anti-horário;980.0;24;Paulo Campos;27;21:36.345;26;00:48.411;False;1;True
26;2025-01-15;Kartódromo Serra Azul;anti-horário;980.0;25;Alexandre Correia;9;21:22.592;26;00:47.457;False;4;True
26;2025-01-15;Kartódromo Serra Azul;anti-horário;980.0;26;Sérgio Machado;;;;;False;0;True
26;2025-01-15;Kartódromo Serra Azul;anti-horário;980.0;27;Márcio Farias;11;21:21.968;26;00:48.302;False;2;True
26;2025-01-15;Kartódromo Serra Azul;anti-horário;980.0;28;Renato Tavares;17;21:31.069;26;00:48.555;False;1;True
26;2025-01-15;Kartódromo Serra Azul;anti-horário;980.0;29;Douglas Brito;6;21:21.602;26;00:48.009;False;10;True
26;2025-01-15;Kartódromo Serra Azul;anti-horário;980.0;30;Wesley Dias;16;21:26.623;26;00:48.280;False;1;True
27;2025-01-30;Kartódromo Rio Claro;horário;890.0;1;João Silva;26;20:22.156;27;00:43.549;False;1;True
27;2025-01-30;Kartódromo Rio Claro;horário;890.0;2;Pedro Santos;19;20:18.084;27;00:44.184;False;1;True
27;2025-01-30;Kartódromo Rio Claro;horário;890.0;3;Lucas Oliveira;6;20:03.350;27;00:43.436;False;10;True
27;2025-01-30;Kartódromo Rio Claro;horário;890.0;4;Mateus Souza;30;20:18.688;27;00:43.664;False;1;True
27;2025-01-30;Kartódromo Rio Claro;horário;890.0;5;Gabriel Pereira;9;20:07.601;27;00:42.911;False;4;True
27;2025-01-30;Kartódromo Rio Claro;horário;890.0;6;Rafael Costa;1;19:59.793;27;00:43.268;False;25;True
27;2025-01-30;Kartódromo Rio Claro;horário;890.0;7;Thiago Almeida;3;20:01.282;27;00:43.376;True;17;True
27;2025-01-30;Kartódromo Rio Claro;horário;890.0;8;Bruno Nascimento;5;20:03.190;27;00:42.564;False;12;True
27;2025-01-30;Kartódromo Rio Claro;horário;890.0;9;Felipe Carvalho;15;20:13.954;27;00:43.069;False;1;True
27;2025-01-30;Kartódromo Rio Claro;horário;890.0;10;André Araújo;20;20:16.002;27;00:44.011;False;1;True
27;2025-01-30;Kartódromo Rio Claro;horário;890.0;11;Ricardo Ribeiro;13;20:09.164;27;00:43.381;False;1;True
27;2025-01-30;Kartódromo Rio Claro;horário;890.0;12;Marcelo Ferreira;12;20:13.401;27;00:43.860;False;1;True
27;2025-01-30;Kartódromo Rio Claro;horário;890.0;13;Diego Rodrigues;21;20:17.330;27;00:43.157;False;1;True
27;2025-01-30;Kartódromo Rio Claro;horário;890.0;14;Leonardo Gomes;28;20:16.021;27;00:43.873;False;1;True
27;2025-01-30;Kartódromo Rio Claro;horário;890.0;15;Caio Martins;25;20:22.562;27;00:43.335;False;1;True
27;2025-01-30;Kartódromo Rio Claro;horário;890.0;16;Vinícius Barbosa;24;20:17.611;27;00:43.425;False;1;True
27;2025-01-30;Kartódromo Rio Claro;horário;890.0;17;Henrique Rocha;17;20:15.140;27;00:43.900;False;1;True
27;2025-01-30;Kartódromo Rio Claro;horário;890.0;18;Gustavo Moraes;2;20:00.862;27;00:43.295;False;20;True
27;2025-01-30;Kartódromo Rio Claro;horário;890.0;19;Eduardo Pinto;23;20:18.280;27;00:44.029;False;1;True
27;2025-01-30;Kartódromo Rio Claro;horário;890.0;20;Nicolas Cardoso;16;20:11.763;27;00:43.578;False;1;True
27;2025-01-30;Kartódromo Rio Claro;horário;890.0;21;Daniel Lima;27;20:28.185;27;00:44.541;False;1;True
27;2025-01-30;Kartódromo Rio Claro;horário;890.0;22;Fernando Fernandes;8;20:06.311;27;00:42.814;False;6;True
27;2025-01-30;Kartódromo Rio Claro;horário;890.0;23;Rodrigo Mendes;7;20:04.512;27;00:42.757;False;8;True
27;2025-01-30;Kartódromo Rio Claro;horário;890.0;24;Paulo Campos;22;20:17.404;27;00:44.017;False;1;True
27;2025-01-30;Kartódromo Rio Claro;horário;890.0;25;Alexandre Correia;14;20:07.660;27;00:43.186;False;1;True
27;2025-01-30;Kartódromo Rio Claro;horário;890.0;26;Sérgio Machado;18;20:08.216;27;00:42.887;False;1;True
27;2025-01-30;Kartódromo Rio Claro;horário;890.0;27;Márcio Farias;10;20:14.214;27;00:43.754;False;3;True
27;2025-01-30;Kartódromo Rio Claro;horário;890.0;28;Renato Tavares;29;20:24.115;27;00:44.388;False;1;True
27;2025-01-30;Kartódromo Rio Claro;horário;890.0;29;Douglas Brito;4;20:04.776;27;00:42.882;False;14;True
27;2025-01-30;Kartódromo Rio Claro;horário;890.0;30;Wesley Dias;11;20:07.623;27;00:42.836;False;2;True
28;2025-02-14;Kartódromo Vale do Sol;anti-horário;1020.0;1;João Silva;21;18:00.609;21;00:49.454;False;1;True
28;2025-02-14;Kartódromo Vale do Sol;anti-horário;1020.0;2;Pedro Santos;19;17:59.172;21;00:49.604;False;1;True
28;2025-02-14;Kartódromo Vale do Sol;anti-horário;1020.0;3;Lucas Oliveira;4;17:50.589;21;00:49.088;False;14;True
28;2025-02-14;Kartódromo Vale do Sol;anti-horário;1020.0;4;Mateus Souza;20;17:55.382;21;00:50.100;False;1;True
28;2025-02-14;Kartódromo Vale do Sol;anti-horário;1020.0;5;Gabriel Pereira;18;18:05.437;21;00:50.204;False;1;True
28;2025-02-14;Kartódromo Vale do Sol;anti-horário;1020.0;6;Rafael Costa;1;17:43.239;21;00:48.778;False;25;True
28;2025-02-14;Kartódromo Vale do Sol;anti-horário;1020.0;7;Thiago Almeida;8;17:54.226;21;00:49.693;False;6;True
28;2025-02-14;Kartódromo Vale do Sol;anti-horário;1020.0;8;Bruno Nascimento;3;17:54.560;21;00:49.230;False;17;True
28;2025-02-14;Kartódromo Vale do Sol;anti-horário;1020.0;9;Felipe Carvalho;10;17:53.992;21;00:49.108;False;3;True
28;2025-02-14;Kartódromo Vale do Sol;anti-horário;1020.0;10;André Araújo;26;18:12.552;21;00:50.138;False;1;True
28;2025-02-14;Kartódromo Vale do Sol;anti-horário;1020.0;11;Ricardo Ribeiro;9;17:54.588;21;00:49.449;False;4;True
28;2025-02-14;Kartódromo Vale do Sol;anti-horário;1020.0;12;Marcelo Ferreira;7;17:53.075;21;00:49.472;False;8;True
28;2025-02-14;Kartódromo Vale do Sol;anti-horário;1020.0;13;Diego Rodrigues;15;17:56.889;21;00:49.233;False;1;True
28;2025-02-14;Kartódromo Vale do Sol;anti-horário;1020.0;14;Leonardo Gomes;28;18:08.346;21;00:49.671;False;1;True
28;2025-02-14;Kartódromo Vale do Sol;anti-horário;1020.0;15;Caio Martins;;;;;False;0;False
28;2025-02-14;Kartódromo Vale do Sol;anti-horário;1020.0;16;Vinícius Barbosa;23;18:07.308;21;00:50.268;False;1;True
28;2025-02-14;Kartódromo Vale do Sol;anti-horário;1020.0;17;Henrique Rocha;24;18:05.915;21;00:49.820;False;1;True
28;2025-02-14;Kartódromo Vale do Sol;anti-horário;1020.0;18;Gustavo Moraes;5;17:55.630;21;00:49.630;False;12;True
28;2025-02-14;Kartódromo Vale do Sol;anti-horário;1020.0;19;Eduardo Pinto;29;18:12.076;21;00:50.407;False;1;True
28;2025-02-14;Kartódromo Vale do Sol;anti-horário;1020.0;20;Nicolas Cardoso;13;18:00.275;21;00:50.070;False;1;True
28;2025-02-14;Kartódromo Vale do Sol;anti-horário;1020.0;21;Daniel Lima;25;18:06.272;21;00:50.463;False;1;True
28;2025-02-14;Kartódromo Vale do Sol;anti-horário;1020.0;22;Fernando Fernandes;11;18:01.152;21;00:49.335;False;2;True
28;2025-02-14;Kartódromo Vale do Sol;anti-horário;1020.0;23;Rodrigo Mendes;6;17:53.201;21;00:49.345;False;10;True
28;2025-02-14;Kartódromo Vale do Sol;anti-horário;1020.0;24;Paulo Campos;12;17:58.251;21;00:49.066;False;1;True
28;2025-02-14;Kartódromo Vale do Sol;anti-horário;1020.0;25;Alexandre Correia;14;17:57.509;21;00:50.191;False;1;True
28;2025-02-14;Kartódromo Vale do Sol;anti-horário;1020.0;26;Sérgio Machado;17;17:57.096;21;00:49.928;False;1;True
28;2025-02-14;Kartódromo Vale do Sol;anti-horário;1020.0;27;Márcio Farias;22;18:04.132;21;00:50.375;False;1;True
28;2025-02-14;Kartódromo Vale do Sol;anti-horário;1020.0;28;Renato Tavares;27;18:07.108;21;00:49.553;False;1;True
28;2025-02-14;Kartódromo Vale do Sol;anti-horário;1020.0;29;Douglas Brito;2;17:54.789;21;00:50.114;True;20;True
28;2025-02-14;Kartódromo Vale do Sol;anti-horário;1020.0;30;Wesley Dias;16;17:58.368;21;00:49.341;False;1;True
29;2025-03-01;Kartódromo Internacional de Interlagos;horário;1050.0;1;João Silva;17;26:11.149;30;00:51.271;False;1;True
29;2025-03-01;Kartódromo Internacional de Interlagos;horário;1050.0;2;Pedro Santos;;;;;False;0;False
29;2025-03-01;Kartódromo Internacional de Interlagos;horário;1050.0;3;Lucas Oliveira;;;;;False;0;False
29;2025-03-01;Kartódromo Internacional de Interlagos;horário;1050.0;4;Mateus Souza;20;26:21.039;30;00:51.546;False;1;True
29;2025-03-01;Kartódromo Internacional de Interlagos;horário;1050.0;5;Gabriel Pereira;18;26:15.154;30;00:50.445;False;1;True
29;2025-03-01;Kartódromo Internacional de Interlagos;horário;1050.0;6;Rafael Costa;1;25:59.153;30;00:50.475;False;25;True
29;2025-03-01;Kartódromo Internacional de Interlagos;horário;1050.0;7;Thiago Almeida;5;26:03.365;30;00:50.203;False;12;True
29;2025-03-01;Kartódromo Internacional de Interlagos;horário;1050.0;8;Bruno Nascimento;2;25:58.040;30;00:49.695;True;20;True
29;2025-03-01;Kartódromo Internacional de Interlagos;horário;1050.0;9;Felipe Carvalho;;;;;False;0;True
29;2025-03-01;Kartódromo Internacional de Interlagos;horário;1050.0;10;André Araújo;11;26:11.292;30;00:50.724;False;2;True
29;2025-03-01;Kartódromo Internacional de Interlagos;horário;1050.0;11;Ricardo Ribeiro;8;26:03.435;30;00:49.898;False;6;True
29;2025-03-01;Kartódromo Internacional de Interlagos;horário;1050.0;12;Marcelo Ferreira;6;26:04.948;30;00:50.136;False;10;True
29;2025-03-01;Kartódromo Internacional de Interlagos;horário;1050.0;13;Diego Rodrigues;14;26:09.540;30;00:50.602;False;1;True
29;2025-03-01;Kartódromo Internacional de Interlagos;horário;1050.0;14;Leonardo Gomes;12;26:13.798;30;00:50.790;False;1;True
29;2025-03-01;Kartódromo Internacional de Interlagos;horário;1050.0;15;Caio Martins;23;26:23.165;30;00:50.972;False;1;True
29;2025-03-01;Kartódromo Internacional de Interlagos;horário;1050.0;16;Vinícius Barbosa;16;26:12.492;30;00:50.842;False;1;True
29;2025-03-01;Kartódromo Internacional de Interlagos;horário;1050.0;17;Henrique Rocha;9;26:07.977;30;00:50.231;False;4;True
29;2025-03-01;Kartódromo Internacional de Interlagos;horário;1050.0;18;Gustavo Moraes;;;;;False;0;False
29;2025-03-01;Kartódromo Internacional de Interlagos;horário;1050.0;19;Eduardo Pinto;15;26:16.011;30;00:50.400;False;1;True
29;2025-03-01;Kartódromo Internacional de Interlagos;horário;1050.0;20;Nicolas Cardoso;;;;;False;0;False
29;2025-03-01;Kartódromo Internacional de Interlagos;horário;1050.0;21;Daniel Lima;22;26:22.553;30;00:50.703;False;1;True
29;2025-03-01;Kartódromo Internacional de Interlagos;horário;1050.0;22;Fernando Fernandes;;;;;False;0;False
29;2025-03-01;Kartódromo Internacional de Interlagos;horário;1050.0;23;Rodrigo Mendes;4;26:08.916;30;00:50.764;False;14;True
29;2025-03-01;Kartódromo Internacional de Interlagos;horário;1050.0;24;Paulo Campos;;;;;False;0;False
29;2025-03-01;Kartódromo Internacional de Interlagos;horário;1050.0;25;Alexandre Correia;19;26:13.718;30;00:50.398;False;1;True
29;2025-03-01;Kartódromo Internacional de Interlagos;horário;1050.0;26;Sérgio Machado;13;26:09.134;30;00:50.094;False;1;True
29;2025-03-01;Kartódromo Internacional de Interlagos;horário;1050.0;27;Márcio Farias;7;26:07.932;30;00:50.723;False;8;True
29;2025-03-01;Kartódromo Internacional de Interlagos;horário;1050.0;28;Renato Tavares;21;26:21.911;30;00:50.598;False;1;True
29;2025-03-01;Kartódromo Internacional de Interlagos;horário;1050.0;29;Douglas Brito;3;26:05.206;30;00:50.880;False;17;True
29;2025-03-01;Kartódromo Internacional de Interlagos;horário;1050.0;30;Wesley Dias;10;26:14.155;30;00:50.816;False;3;True
30;2025-03-16;Kartódromo do Velociraptor;anti-horário;920.0;1;João Silva;13;19:21.267;25;00:45.352;False;1;True
30;2025-03-16;Kartódromo do Velociraptor;anti-horário;920.0;2;Pedro Santos;;;;;False;0;True
30;2025-03-16;Kartódromo do Velociraptor;anti-horário;920.0;3;Lucas Oliveira;4;19:06.642;25;00:44.882;False;14;True
30;2025-03-16;Kartódromo do Velociraptor;anti-horário;920.0;4;Mateus Souza;19;19:29.953;25;00:45.681;False;1;True
30;2025-03-16;Kartódromo do Velociraptor;anti-horário;920.0;5;Gabriel Pereira;14;19:21.627;25;00:45.419;False;1;True
30;2025-03-16;Kartódromo do Velociraptor;anti-horário;920.0;6;Rafael Costa;;;;;False;0;True
30;2025-03-16;Kartódromo do Velociraptor;anti-horário;920.0;7;Thiago Almeida;2;19:12.460;25;00:44.652;True;20;True
30;2025-03-16;Kartódromo do Velociraptor;anti-horário;920.0;8;Bruno Nascimento;6;19:13.329;25;00:44.216;False;10;True
30;2025-03-16;Kartódromo do Velociraptor;anti-horário;920.0;9;Felipe Carvalho;8;19:13.957;25;00:44.171;False;6;True
30;2025-03-16;Kartódromo do Velociraptor;anti-horário;920.0;10;André Araújo;;;;;False;0;False
30;2025-03-16;Kartódromo do Velociraptor;anti-horário;920.0;11;Ricardo Ribeiro;15;19:19.423;25;00:45.339;False;1;True
30;2025-03-16;Kartódromo do Velociraptor;anti-horário;920.0;12;Marcelo Ferreira;9;19:15.129;25;00:44.633;False;4;True
30;2025-03-16;Kartódromo do Velociraptor;anti-horário;920.0;13;Diego Rodrigues;16;19:22.853;25;00:45.102;False;1;True
30;2025-03-16;Kartódromo do Velociraptor;anti-horário;920.0;14;Leonardo Gomes;24;19:25.375;25;00:44.620;False;1;True
30;2025-03-16;Kartódromo do Velociraptor;anti-horário;920.0;15;Caio Martins;21;19:26.629;25;00:44.756;False;1;True
30;2025-03-16;Kartódromo do Velociraptor;anti-horário;920.0;16;Vinícius Barbosa;;;;;False;0;False
30;2025-03-16;Kartódromo do Velociraptor;anti-horário;920.0;17;Henrique Rocha;7;19:14.273;25;00:45.164;False;8;True
30;2025-03-16;Kartódromo do Velociraptor;anti-horário;920.0;18;Gustavo Moraes;1;19:13.450;25;00:44.396;False;25;True
30;2025-03-16;Kartódromo do Velociraptor;anti-horário;920.0;19;Eduardo Pinto;20;19:28.452;25;00:45.755;False;1;True
30;2025-03-16;Kartódromo do Velociraptor;anti-horário;920.0;20;Nicolas Cardoso;17;19:14.747;25;00:44.505;False;1;True
30;2025-03-16;Kartódromo do Velociraptor;anti-horário;920.0;21;Daniel Lima;25;19:27.135;25;00:45.373;False;1;True
30;2025-03-16;Kartódromo do Velociraptor;anti-horário;920.0;22;Fernando Fernandes;12;19:17.556;25;00:44.406;False;1;True
30;2025-03-16;Kartódromo do Velociraptor;anti-horário;920.0;23;Rodrigo Mendes;5;19:15.233;25;00:44.784;False;12;True
30;2025-03-16;Kartódromo do Velociraptor;anti-horário;920.0;24;Paulo Campos;11;19:14.355;25;00:44.472;False;2;True
30;2025-03-16;Kartódromo do Velociraptor;anti-horário;920.0;25;Alexandre Correia;10;19:18.056;25;00:44.615;False;3;True
30;2025-03-16;Kartódromo do Velociraptor;anti-horário;920.0;26;Sérgio Machado;18;19:22.196;25;00:44.761;False;1;True
30;2025-03-16;Kartódromo do Velociraptor;anti-horário;920.0;27;Márcio Farias;22;19:24.713;25;00:44.979;False;1;True
30;2025-03-16;Kartódromo do Velociraptor;anti-horário;920.0;28;Renato Tavares;23;19:28.368;25;00:45.428;False;1;True
30;2025-03-16;Kartódromo do Velociraptor;anti-horário;920.0;29;Douglas Brito;3;19:07.735;25;00:43.918;False;17;True
30;2025-03-16;Kartódromo do Velociraptor;anti-horário;920.0;30;Wesley Dias;;;;;False;0;False
31;2025-03-31;Kartódromo Costa Verde;horário;850.0;1;João Silva;15;18:53.693;26;00:42.604;False;1;True
31;2025-03-31;Kartódromo Costa Verde;horário;850.0;2;Pedro Santos;14;18:42.238;26;00:42.139;False;1;True
31;2025-03-31;Kartódromo Costa Verde;horário;850.0;3;Lucas Oliveira;5;18:42.027;26;00:41.794;False;12;True
31;2025-03-31;Kartódromo Costa Verde;horário;850.0;4;Mateus Souza;20;18:50.915;26;00:42.412;False;1;True
31;2025-03-31;Kartódromo Costa Verde;horário;850.0;5;Gabriel Pereira;11;18:46.544;26;00:41.442;False;2;True
31;2025-03-31;Kartódromo Costa Verde;horário;850.0;6;Rafael Costa;1;18:37.816;26;00:41.286;False;25;True
31;2025-03-31;Kartódromo Costa Verde;horário;850.0;7;Thiago Almeida;6;18:37.731;26;00:42.094;False;10;True
31;2025-03-31;Kartódromo Costa Verde;horário;850.0;8;Bruno Nascimento;4;18:42.174;26;00:41.702;False;14;True
31;2025-03-31;Kartódromo Costa Verde;horário;850.0;9;Felipe Carvalho;7;18:41.282;26;00:41.566;False;8;True
31;2025-03-31;Kartódromo Costa Verde;horário;850.0;10;André Araújo;21;18:50.516;26;00:42.474;False;1;True
31;2025-03-31;Kartódromo Costa Verde;horário;850.0;11;Ricardo Ribeiro;8;18:43.327;26;00:42.198;False;6;True
31;2025-03-31;Kartódromo Costa Verde;horário;850.0;12;Marcelo Ferreira;13;18:50.191;26;00:42.078;False;1;True
31;2025-03-31;Kartódromo Costa Verde;horário;850.0;13;Diego Rodrigues;19;18:47.361;26;00:42.095;False;1;True
31;2025-03-31;Kartódromo Costa Verde;horário;850.0;14;Leonardo Gomes;24;18:51.853;26;00:42.646;False;1;True
31;2025-03-31;Kartódromo Costa Verde;horário;850.0;15;Caio Martins;23;18:56.487;26;00:41.864;False;1;True
31;2025-03-31;Kartódromo Costa Verde;horário;850.0;16;Vinícius Barbosa;17;18:48.135;26;00:42.015;False;1;True
31;2025-03-31;Kartódromo Costa Verde;horário;850.0;17;Henrique Rocha;;;;;False;0;False
31;2025-03-31;Kartódromo Costa Verde;horário;850.0;18;Gustavo Moraes;3;18:43.235;26;00:42.234;True;17;True
31;2025-03-31;Kartódromo Costa Verde;horário;850.0;19;Eduardo Pinto;18;18:50.030;26;00:42.415;False;1;True
31;2025-03-31;Kartódromo Costa Verde;horário;850.0;20;Nicolas Cardoso;16;18:52.510;26;00:42.147;False;1;True
31;2025-03-31;Kartódromo Costa Verde;horário;850.0;21;Daniel Lima;22;18:54.469;26;00:42.499;False;1;True
31;2025-03-31;Kartódromo Costa Verde;horário;850.0;22;Fernando Fernandes;;;;;False;0;False
31;2025-03-31;Kartódromo Costa Verde;horário;850.0;23;Rodrigo Mendes;2;18:37.087;26;00:41.785;False;20;True
31;2025-03-31;Kartódromo Costa Verde;horário;850.0;24;Paulo Campos;9;18:41.577;26;00:41.871;False;4;True
31;2025-03-31;Kartódromo Costa Verde;horário;850.0;25;Alexandre Correia;;;;;False;0;False
31;2025-03-31;Kartódromo Costa Verde;horário;850.0;26;Sérgio Machado;10;18:43.423;26;00:41.628;False;3;True
31;2025-03-31;Kartódromo Costa Verde;horário;850.0;27;Márcio Farias;;;;;False;0;False
31;2025-03-31;Kartódromo Costa Verde;horário;850.0;28;Renato Tavares;;;;;False;0;False
31;2025-03-31;Kartódromo Costa Verde;horário;850.0;29;Douglas Brito;;;;;False;0;True
31;2025-03-31;Kartódromo Costa Verde;horário;850.0;30;Wesley Dias;12;18:47.703;26;00:42.146;False;1;True
32;2025-04-15;Kartódromo das Falésias;anti-horário;1100.0;1;João Silva;25;27:03.182;29;00:53.897;False;1;True
32;2025-04-15;Kartódromo das Falésias;anti-horário;1100.0;2;Pedro Santos;14;26:51.391;29;00:53.244;False;1;True
32;2025-04-15;Kartódromo das Falésias;anti-horário;1100.0;3;Lucas Oliveira;1;26:33.701;29;00:53.173;True;25;True
32;2025-04-15;Kartódromo das Falésias;anti-horário;1100.0;4;Mateus Souza;22;26:48.914;29;00:53.420;False;1;True
32;2025-04-15;Kartódromo das Falésias;anti-horário;1100.0;5;Gabriel Pereira;19;26:52.241;29;00:53.317;False;1;True
32;2025-04-15;Kartódromo das Falésias;anti-horário;1100.0;6;Rafael Costa;2;26:37.219;29;00:52.940;False;20;True
32;2025-04-15;Kartódromo das Falésias;anti-horário;1100.0;7;Thiago Almeida;5;26:44.106;29;00:53.120;False;12;True
32;2025-04-15;Kartódromo das Falésias;anti-horário;1100.0;8;Bruno Nascimento;4;26:40.082;29;00:52.905;False;14;True
32;2025-04-15;Kartódromo das Falésias;anti-horário;1100.0;9;Felipe Carvalho;6;26:45.358;29;00:53.767;False;10;True
32;2025-04-15;Kartódromo das Falésias;anti-horário;1100.0;10;André Araújo;13;26:42.227;29;00:53.543;False;1;True
32;2025-04-15;Kartódromo das Falésias;anti-horário;1100.0;11;Ricardo Ribeiro;15;26:44.039;29;00:53.792;False;1;True
32;2025-04-15;Kartódromo das Falésias;anti-horário;1100.0;12;Marcelo Ferreira;8;26:47.729;29;00:53.297;False;6;True
32;2025-04-15;Kartódromo das Falésias;anti-horário;1100.0;13;Diego Rodrigues;9;26:42.836;29;00:53.978;False;4;True
32;2025-04-15;Kartódromo das Falésias;anti-horário;1100.0;14;Leonardo Gomes;20;26:54.990;29;00:53.938;False;1;True
32;2025-04-15;Kartódromo das Falésias;anti-horário;1100.0;15;Caio Martins;12;26:50.316;29;00:53.598;False;1;True
32;2025-04-15;Kartódromo das Falésias;anti-horário;1100.0;16;Vinícius Barbosa;18;26:58.591;29;00:54.346;False;1;True
32;2025-04-15;Kartódromo das Falésias;anti-horário;1100.0;17;Henrique Rocha;17;26:50.467;29;00:54.262;False;1;True
32;2025-04-15;Kartódromo das Falésias;anti-horário;1100.0;18;Gustavo Moraes;3;26:29.829;29;00:52.853;False;17;True
32;2025-04-15;Kartódromo das Falésias;anti-horário;1100.0;19;Eduardo Pinto;24;26:53.662;29;00:53.427;False;1;True
32;2025-04-15;Kartódromo das Falésias;anti-horário;1100.0;20;Nicolas Cardoso;;;;;False;0;False
32;2025-04-15;Kartódromo das Falésias;anti-horário;1100.0;21;Daniel Lima;23;26:58.098;29;00:53.690;False;1;True
32;2025-04-15;Kartódromo das Falésias;anti-horário;1100.0;22;Fernando Fernandes;7;26:44.526;29;00:53.998;False;8;True
32;2025-04-15;Kartódromo das Falésias;anti-horário;1100.0;23;Rodrigo Mendes;11;26:37.890;29;00:52.971;False;2;True
32;2025-04-15;Kartódromo das Falésias;anti-horário;1100.0;24;Paulo Campos;21;26:57.548;29;00:54.332;False;1;True
32;2025-04-15;Kartódromo das Falésias;anti-horário;1100.0;25;Alexandre Correia;16;26:54.542;29;00:53.244;False;1;True
32;2025-04-15;Kartódromo das Falésias;anti-horário;1100.0;26;Sérgio Machado;;;;;False;0;False
32;2025-04-15;Kartódromo das Falésias;anti-horário;1100.0;27;Márcio Farias;;;;;False;0;False
32;2025-04-15;Kartódromo das Falésias;anti-horário;1100.0;28;Renato Tavares;;;;;False;0;False
32;2025-04-15;Kartódromo das Falésias;anti-horário;1100.0;29;Douglas Brito;;;;;False;0;False
32;2025-04-15;Kartódromo das Falésias;anti-horário;1100.0;30;Wesley Dias;10;26:48.475;29;00:53.101;False;3;True
33;2025-04-30;Kartódromo Serra Azul;horário;980.0;1;João Silva;;;;;False;0;True
33;2025-04-30;Kartódromo Serra Azul;horário;980.0;2;Pedro Santos;11;23:50.396;29;00:47.495;False;2;True
33;2025-04-30;Kartódromo Serra Azul;horário;980.0;3;Lucas Oliveira;1;23:39.194;29;00:47.498;False;25;True
33;2025-04-30;Kartódromo Serra Azul;horário;980.0;4;Mateus Souza;22;23:59.047;29;00:48.108;False;1;True
33;2025-04-30;Kartódromo Serra Azul;horário;980.0;5;Gabriel Pereira;20;23:58.205;29;00:48.253;False;1;True
33;2025-04-30;Kartódromo Serra Azul;horário;980.0;6;Rafael Costa;3;23:39.395;29;00:47.873;True;17;True
33;2025-04-30;Kartódromo Serra Azul;horário;980.0;7;Thiago Almeida;4;23:41.455;29;00:46.862;False;14;True
33;2025-04-30;Kartódromo Serra Azul;horário;980.0;8;Bruno Nascimento;7;23:42.545;29;00:47.432;False;8;True
33;2025-04-30;Kartódromo Serra Azul;horário;980.0;9;Felipe Carvalho;14;23:52.160;29;00:48.354;False;1;True
33;2025-04-30;Kartódromo Serra Azul;horário;980.0;10;André Araújo;16;24:00.455;29;00:47.571;False;1;True
33;2025-04-30;Kartódromo Serra Azul;horário;980.0;11;Ricardo Ribeiro;19;23:54.914;29;00:48.005;False;1;True
33;2025-04-30;Kartódromo Serra Azul;horário;980.0;12;Marcelo Ferreira;12;23:47.676;29;00:47.321;False;1;True
33;2025-04-30;Kartódromo Serra Azul;horário;980.0;13;Diego Rodrigues;27;24:03.057;29;00:48.420;False;1;True
33;2025-04-30;Kartódromo Serra Azul;horário;980.0;14;Leonardo Gomes;25;23:57.779;29;00:48.115;False;1;True
33;2025-04-30;Kartódromo Serra Azul;horário;980.0;15;Caio Martins;29;24:10.249;29;00:48.016;False;1;True
33;2025-04-30;Kartódromo Serra Azul;horário;980.0;16;Vinícius Barbosa;24;23:58.047;29;00:47.757;False;1;True
33;2025-04-30;Kartódromo Serra Azul;horário;980.0;17;Henrique Rocha;15;23:48.261;29;00:47.865;False;1;True
33;2025-04-30;Kartódromo Serra Azul;horário;980.0;18;Gustavo Moraes;5;23:42.109;29;00:47.614;False;12;True
33;2025-04-30;Kartódromo Serra Azul;horário;980.0;19;Eduardo Pinto;23;24:05.216;29;00:47.620;False;1;True
33;2025-04-30;Kartódromo Serra Azul;horário;980.0;20;Nicolas Cardoso;9;23:42.141;29;00:47.613;False;4;True
33;2025-04-30;Kartódromo Serra Azul;horário;980.0;21;Daniel Lima;28;24:07.922;29;00:47.899;False;1;True
33;2025-04-30;Kartódromo Serra Azul;horário;980.0;22;Fernando Fernandes;8;23:44.257;29;00:47.518;False;6;True
33;2025-04-30;Kartódromo Serra Azul;horário;980.0;23;Rodrigo Mendes;6;23:43.131;29;00:47.631;False;10;True
33;2025-04-30;Kartódromo Serra Azul;horário;980.0;24;Paulo Campos;13;23:50.882;29;00:47.255;False;1;True
33;2025-04-30;Kartódromo Serra Azul;horário;980.0;25;Alexandre Correia;10;23:50.769;29;00:47.320;False;3;True
33;2025-04-30;Kartódromo Serra Azul;horário;980.0;26;Sérgio Machado;17;24:02.127;29;00:48.554;False;1;True
33;2025-04-30;Kartódromo Serra Azul;horário;980.0;27;Márcio Farias;21;23:54.075;29;00:47.519;False;1;True
33;2025-04-30;Kartódromo Serra Azul;horário;980.0;28;Renato Tavares;26;24:08.983;29;00:48.103;False;1;True
33;2025-04-30;Kartódromo Serra Azul;horário;980.0;29;Douglas Brito;2;23:48.687;29;00:47.459;False;20;True
33;2025-04-30;Kartódromo Serra Azul;horário;980.0;30;Wesley Dias;18;23:52.485;29;00:48.350;False;1;True
34;2025-05-15;Kartódromo Rio Claro;anti-horário;890.0;1;João Silva;;;;;False;0;False
34;2025-05-15;Kartódromo Rio Claro;anti-horário;890.0;2;Pedro Santos;7;22:20.704;30;00:43.345;False;8;True
34;2025-05-15;Kartódromo Rio Claro;anti-horário;890.0;3;Lucas Oliveira;3;22:11.623;30;00:42.574;True;17;True
34;2025-05-15;Kartódromo Rio Claro;anti-horário;890.0;4;Mateus Souza;24;22:36.461;30;00:44.273;False;1;True
34;2025-05-15;Kartódromo Rio Claro;anti-horário;890.0;5;Gabriel Pereira;19;22:31.746;30;00:43.273;False;1;True
34;2025-05-15;Kartódromo Rio Claro;anti-horário;890.0;6;Rafael Costa;1;22:22.337;30;00:42.870;False;25;True
34;2025-05-15;Kartódromo Rio Claro;anti-horário;890.0;7;Thiago Almeida;6;22:18.627;30;00:42.922;False;10;True
34;2025-05-15;Kartódromo Rio Claro;anti-horário;890.0;8;Bruno Nascimento;10;22:16.106;30;00:43.090;False;3;True
34;2025-05-15;Kartódromo Rio Claro;anti-horário;890.0;9;Felipe Carvalho;15;22:28.260;30;00:43.004;False;1;True
34;2025-05-15;Kartódromo Rio Claro;anti-horário;890.0;10;André Araújo;12;22:30.962;30;00:43.970;False;1;True
34;2025-05-15;Kartódromo Rio Claro;anti-horário;890.0;11;Ricardo Ribeiro;17;22:33.412;30;00:43.946;False;1;True
34;2025-05-15;Kartódromo Rio Claro;anti-horário;890.0;12;Marcelo Ferreira;11;22:20.066;30;00:42.980;False;2;True
34;2025-05-15;Kartódromo Rio Claro;anti-horário;890.0;13;Diego Rodrigues;23;22:33.834;30;00:43.906;False;1;True
34;2025-05-15;Kartódromo Rio Claro;anti-horário;890.0;14;Leonardo Gomes;;;;;False;0;False
34;2025-05-15;Kartódromo Rio Claro;anti-horário;890.0;15;Caio Martins;26;22:34.874;30;00:43.935;False;1;True
34;2025-05-15;Kartódromo Rio Claro;anti-horário;890.0;16;Vinícius Barbosa;21;22:33.280;30;00:43.957;False;1;True
34;2025-05-15;Kartódromo Rio Claro;anti-horário;890.0;17;Henrique Rocha;16;22:33.319;30;00:44.133;False;1;True
34;2025-05-15;Kartódromo Rio Claro;anti-horário;890.0;18;Gustavo Moraes;2;22:15.211;30;00:43.510;False;20;True
34;2025-05-15;Kartódromo Rio Claro;anti-horário;890.0;19;Eduardo Pinto;25;22:43.549;30;00:44.110;False;1;True
34;2025-05-15;Kartódromo Rio Claro;anti-horário;890.0;20;Nicolas Cardoso;13;22:25.324;30;00:42.908;False;1;True
34;2025-05-15;Kartódromo Rio Claro;anti-horário;890.0;21;Daniel Lima;;;;;False;0;False
34;2025-05-15;Kartódromo Rio Claro;anti-horário;890.0;22;Fernando Fernandes;8;22:19.434;30;00:42.815;False;6;True
34;2025-05-15;Kartódromo Rio Claro;anti-horário;890.0;23;Rodrigo Mendes;5;22:20.612;30;00:43.596;False;12;True
34;2025-05-15;Kartódromo Rio Claro;anti-horário;890.0;24;Paulo Campos;;;;;False;0;False
34;2025-05-15;Kartódromo Rio Claro;anti-horário;890.0;25;Alexandre Correia;18;22:29.570;30;00:43.600;False;1;True
34;2025-05-15;Kartódromo Rio Claro;anti-horário;890.0;26;Sérgio Machado;14;22:22.611;30;00:43.536;False;1;True
34;2025-05-15;Kartódromo Rio Claro;anti-horário;890.0;27;Márcio Farias;20;22:36.831;30;00:43.555;False;1;True
34;2025-05-15;Kartódromo Rio Claro;anti-horário;890.0;28;Renato Tavares;22;22:31.550;30;00:43.194;False;1;True
34;2025-05-15;Kartódromo Rio Claro;anti-horário;890.0;29;Douglas Brito;4;22:13.518;30;00:42.771;False;14;True
34;2025-05-15;Kartódromo Rio Claro;anti-horário;890.0;30;Wesley Dias;9;22:23.937;30;00:43.454;False;4;True
35;2025-05-30;Kartódromo Vale do Sol;horário;1020.0;1;João Silva;17;19:44.911;23;00:50.032;False;1;True
35;2025-05-30;Kartódromo Vale do Sol;horário;1020.0;2;Pedro Santos;;;;;False;0;False
35;2025-05-30;Kartódromo Vale do Sol;horário;1020.0;3;Lucas Oliveira;4;19:34.684;23;00:49.232;False;14;True
35;2025-05-30;Kartódromo Vale do Sol;horário;1020.0;4;Mateus Souza;13;19:42.754;23;00:49.424;False;1;True
35;2025-05-30;Kartódromo Vale do Sol;horário;1020.0;5;Gabriel Pereira;19;19:48.589;23;00:49.679;False;1;True
35;2025-05-30;Kartódromo Vale do Sol;horário;1020.0;6;Rafael Costa;1;19:30.055;23;00:49.785;False;25;True
35;2025-05-30;Kartódromo Vale do Sol;horário;1020.0;7;Thiago Almeida;3;19:30.923;23;00:49.571;False;17;True
35;2025-05-30;Kartódromo Vale do Sol;horário;1020.0;8;Bruno Nascimento;9;19:41.486;23;00:50.243;False;4;True
35;2025-05-30;Kartódromo Vale do Sol;horário;1020.0;9;Felipe Carvalho;18;19:45.340;23;00:49.967;False;1;True
35;2025-05-30;Kartódromo Vale do Sol;horário;1020.0;10;André Araújo;;;;;False;0;False
35;2025-05-30;Kartódromo Vale do Sol;horário;1020.0;11;Ricardo Ribeiro;8;19:37.503;23;00:50.029;False;6;True
35;2025-05-30;Kartódromo Vale do Sol;horário;1020.0;12;Marcelo Ferreira;11;19:45.495;23;00:49.494;False;2;True
35;2025-05-30;Kartódromo Vale do Sol;horário;1020.0;13;Diego Rodrigues;14;19:41.268;23;00:49.256;False;1;True
35;2025-05-30;Kartódromo Vale do Sol;horário;1020.0;14;Leonardo Gomes;;;;;False;0;False
35;2025-05-30;Kartódromo Vale do Sol;horário;1020.0;15;Caio Martins;23;19:48.929;23;00:49.703;False;1;True
35;2025-05-30;Kartódromo Vale do Sol;horário;1020.0;16;Vinícius Barbosa;24;19:51.187;23;00:49.860;False;1;True
35;2025-05-30;Kartódromo Vale do Sol;horário;1020.0;17;Henrique Rocha;16;19:49.082;23;00:49.710;False;1;True
35;2025-05-30;Kartódromo Vale do Sol;horário;1020.0;18;Gustavo Moraes;6;19:35.465;23;00:48.960;False;10;True
35;2025-05-30;Kartódromo Vale do Sol;horário;1020.0;19;Eduardo Pinto;22;19:47.427;23;00:50.187;False;1;True
35;2025-05-30;Kartódromo Vale do Sol;horário;1020.0;20;Nicolas Cardoso;;;;;False;0;False
35;2025-05-30;Kartódromo Vale do Sol;horário;1020.0;21;Daniel Lima;25;19:50.542;23;00:49.805;False;1;True
35;2025-05-30;Kartódromo Vale do Sol;horário;1020.0;22;Fernando Fernandes;5;19:33.759;23;00:48.776;False;12;True
35;2025-05-30;Kartódromo Vale do Sol;horário;1020.0;23;Rodrigo Mendes;10;19:43.745;23;00:49.283;False;3;True
35;2025-05-30;Kartódromo Vale do Sol;horário;1020.0;24;Paulo Campos;21;19:44.266;23;00:49.732;False;1;True
35;2025-05-30;Kartódromo Vale do Sol;horário;1020.0;25;Alexandre Correia;7;19:36.653;23;00:49.348;False;8;True
35;2025-05-30;Kartódromo Vale do Sol;horário;1020.0;26;Sérgio Machado;20;19:43.768;23;00:49.747;False;1;True
35;2025-05-30;Kartódromo Vale do Sol;horário;1020.0;27;Márcio Farias;15;19:42.296;23;00:50.347;False;1;True
35;2025-05-30;Kartódromo Vale do Sol;horário;1020.0;28;Renato Tavares;26;19:52.024;23;00:49.789;False;1;True
35;2025-05-30;Kartódromo Vale do Sol;horário;1020.0;29;Douglas Brito;2;19:28.923;23;00:49.334;True;20;True
35;2025-05-30;Kartódromo Vale do Sol;horário;1020.0;30;Wesley Dias;12;19:41.965;23;00:49.407;False;1;True
36;2025-06-14;Kartódromo Internacional de Interlagos;anti-horário;1050.0;1;João Silva;25;21:59.097;25;00:50.968;False;1;True
36;2025-06-14;Kartódromo Internacional de Interlagos;anti-horário;1050.0;2;Pedro Santos;23;21:53.582;25;00:51.398;False;1;True
36;2025-06-14;Kartódromo Internacional de Interlagos;anti-horário;1050.0;3;Lucas Oliveira;3;21:44.963;25;00:51.000;True;17;True
36;2025-06-14;Kartódromo Internacional de Interlagos;anti-horário;1050.0;4;Mateus Souza;24;22:03.265;25;00:51.833;False;1;True
36;2025-06-14;Kartódromo Internacional de Interlagos;anti-horário;1050.0;5;Gabriel Pereira;17;21:50.119;25;00:50.104;False;1;True
36;2025-06-14;Kartódromo Internacional de Interlagos;anti-horário;1050.0;6;Rafael Costa;2;21:33.736;25;00:50.107;False;20;True
36;2025-06-14;Kartódromo Internacional de Interlagos;anti-horário;1050.0;7;Thiago Almeida;15;21:47.753;25;00:50.723;False;1;True
36;2025-06-14;Kartódromo Internacional de Interlagos;anti-horário;1050.0;8;Bruno Nascimento;7;21:49.106;25;00:50.341;False;8;True
36;2025-06-14;Kartódromo Internacional de Interlagos;anti-horário;1050.0;9;Felipe Carvalho;20;21:54.681;25;00:50.840;False;1;True
36;2025-06-14;Kartódromo Internacional de Interlagos;anti-horário;1050.0;10;André Araújo;12;21:49.671;25;00:50.813;False;1;True
36;2025-06-14;Kartódromo Internacional de Interlagos;anti-horário;1050.0;11;Ricardo Ribeiro;9;21:46.799;25;00:50.909;False;4;True
36;2025-06-14;Kartódromo Internacional de Interlagos;anti-horário;1050.0;12;Marcelo Ferreira;10;21:43.471;25;00:49.913;False;3;True
36;2025-06-14;Kartódromo Internacional de Interlagos;anti-horário;1050.0;13;Diego Rodrigues;19;21:56.091;25;00:51.402;False;1;True
36;2025-06-14;Kartódromo Internacional de Interlagos;anti-horário;1050.0;14;Leonardo Gomes;27;22:02.509;25;00:50.909;False;1;True
36;2025-06-14;Kartódromo Internacional de Interlagos;anti-horário;1050.0;15;Caio Martins;30;22:01.801;25;00:51.075;False;1;True
36;2025-06-14;Kartódromo Internacional de Interlagos;anti-horário;1050.0;16;Vinícius Barbosa;28;21:58.536;25;00:50.814;False;1;True
36;2025-06-14;Kartódromo Internacional de Interlagos;anti-horário;1050.0;17;Henrique Rocha;14;21:48.371;25;00:51.230;False;1;True
36;2025-06-14;Kartódromo Internacional de Interlagos;anti-horário;1050.0;18;Gustavo Moraes;4;21:39.868;25;00:50.308;False;14;True
36;2025-06-14;Kartódromo Internacional de Interlagos;anti-horário;1050.0;19;Eduardo Pinto;18;21:55.081;25;00:50.552;False;1;True
36;2025-06-14;Kartódromo Internacional de Interlagos;anti-horário;1050.0;20;Nicolas Cardoso;22;21:55.635;25;00:50.314;False;1;True
36;2025-06-14;Kartódromo Internacional de Interlagos;anti-horário;1050.0;21;Daniel Lima;29;22:00.733;25;00:50.887;False;1;True
36;2025-06-14;Kartódromo Internacional de Interlagos;anti-horário;1050.0;22;Fernando Fernandes;5;21:40.305;25;00:49.932;False;12;True
36;2025-06-14;Kartódromo Internacional de Interlagos;anti-horário;1050.0;23;Rodrigo Mendes;6;21:47.483;25;00:50.091;False;10;True
36;2025-06-14;Kartódromo Internacional de Interlagos;anti-horário;1050.0;24;Paulo Campos;13;21:57.348;25;00:50.619;False;1;True
36;2025-06-14;Kartódromo Internacional de Interlagos;anti-horário;1050.0;25;Alexandre Correia;21;21:54.460;25;00:50.857;False;1;True
36;2025-06-14;Kartódromo Internacional de Interlagos;anti-horário;1050.0;26;Sérgio Machado;16;21:51.216;25;00:51.345;False;1;True
36;2025-06-14;Kartódromo Internacional de Interlagos;anti-horário;1050.0;27;Márcio Farias;8;21:46.500;25;00:50.922;False;6;True
36;2025-06-14;Kartódromo Internacional de Interlagos;anti-horário;1050.0;28;Renato Tavares;26;21:59.709;25;00:50.924;False;1;True
36;2025-06-14;Kartódromo Internacional de Interlagos;anti-horário;1050.0;29;Douglas Brito;1;21:46.058;25;00:50.261;False;25;True
36;2025-06-14;Kartódromo Internacional de Interlagos;anti-horário;1050.0;30;Wesley Dias;11;21:48.646;25;00:50.688;False;2;True
37;2025-06-29;Kartódromo do Velociraptor;horário;920.0;1;João Silva;;;;;False;0;False
37;2025-06-29;Kartódromo do Velociraptor;horário;920.0;2;Pedro Santos;13;20:50.479;27;00:44.490;False;1;True
37;2025-06-29;Kartódromo do Velociraptor;horário;920.0;3;Lucas Oliveira;4;20:43.974;27;00:44.642;False;14;True
37;2025-06-29;Kartódromo do Velociraptor;horário;920.0;4;Mateus Souza;23;20:56.938;27;00:45.518;False;1;True
37;2025-06-29;Kartódromo do Velociraptor;horário;920.0;5;Gabriel Pereira;17;20:52.373;27;00:45.031;False;1;True
37;2025-06-29;Kartódromo do Velociraptor;horário;920.0;6;Rafael Costa;1;20:43.419;27;00:44.623;False;25;True
37;2025-06-29;Kartódromo do Velociraptor;horário;920.0;7;Thiago Almeida;6;20:41.970;27;00:44.202;False;10;True
37;2025-06-29;Kartódromo do Velociraptor;horário;920.0;8;Bruno Nascimento;;;;;False;0;False
37;2025-06-29;Kartódromo do Velociraptor;horário;920.0;9;Felipe Carvalho;7;20:41.018;27;00:44.083;False;8;True
37;2025-06-29;Kartódromo do Velociraptor;horário;920.0;10;André Araújo;18;20:47.409;27;00:45.090;False;1;True
37;2025-06-29;Kartódromo do Velociraptor;horário;920.0;11;Ricardo Ribeiro;;;;;False;0;False
37;2025-06-29;Kartódromo do Velociraptor;horário;920.0;12;Marcelo Ferreira;12;20:53.479;27;00:44.602;False;1;True
37;2025-06-29;Kartódromo do Velociraptor;horário;920.0;13;Diego Rodrigues;9;20:48.771;27;00:45.037;False;4;True
37;2025-06-29;Kartódromo do Velociraptor;horário;920.0;14;Leonardo Gomes;24;21:00.969;27;00:44.710;False;1;True
37;2025-06-29;Kartódromo do Velociraptor;horário;920.0;15;Caio Martins;;;;;False;0;False
37;2025-06-29;Kartódromo do Velociraptor;horário;920.0;16;Vinícius Barbosa;11;20:50.826;27;00:44.374;False;2;True
37;2025-06-29;Kartódromo do Velociraptor;horário;920.0;17;Henrique Rocha;15;20:49.685;27;00:45.238;False;1;True
37;2025-06-29;Kartódromo do Velociraptor;horário;920.0;18;Gustavo Moraes;2;20:42.382;27;00:44.748;False;20;True
37;2025-06-29;Kartódromo do Velociraptor;horário;920.0;19;Eduardo Pinto;20;20:54.874;27;00:44.457;False;1;True
37;2025-06-29;Kartódromo do Velociraptor;horário;920.0;20;Nicolas Cardoso;14;20:57.099;27;00:45.009;False;1;True
37;2025-06-29;Kartódromo do Velociraptor;horário;920.0;21;Daniel Lima;25;21:03.795;27;00:45.855;False;1;True
37;2025-06-29;Kartódromo do Velociraptor;horário;920.0;22;Fernando Fernandes;8;20:53.213;27;00:45.169;False;6;True
37;2025-06-29;Kartódromo do Velociraptor;horário;920.0;23;Rodrigo Mendes;5;20:46.685;27;00:44.118;False;12;True
37;2025-06-29;Kartódromo do Velociraptor;horário;920.0;24;Paulo Campos;10;20:49.004;27;00:45.067;False;3;True
37;2025-06-29;Kartódromo do Velociraptor;horário;920.0;25;Alexandre Correia;21;20:54.447;27;00:45.058;False;1;True
37;2025-06-29;Kartódromo do Velociraptor;horário;920.0;26;Sérgio Machado;16;20:55.301;27;00:44.834;False;1;True
37;2025-06-29;Kartódromo do Velociraptor;horário;920.0;27;Márcio Farias;;;;;False;0;False
37;2025-06-29;Kartódromo do Velociraptor;horário;920.0;28;Renato Tavares;22;21:03.069;27;00:44.713;False;1;True
37;2025-06-29;Kartódromo do Velociraptor;horário;920.0;29;Douglas Brito;3;20:41.278;27;00:44.653;True;17;True
37;2025-06-29;Kartódromo do Velociraptor;horário;920.0;30;Wesley Dias;19;20:54.231;27;00:44.907;False;1;True
38;2025-07-14;Kartódromo Costa Verde;anti-horário;850.0;1;João Silva;17;21:35.175;30;00:41.609;False;1;True
38;2025-07-14;Kartódromo Costa Verde;anti-horário;850.0;2;Pedro Santos;7;21:36.565;30;00:41.724;False;8;True
38;2025-07-14;Kartódromo Costa Verde;anti-horário;850.0;3;Lucas Oliveira;3;21:35.305;30;00:41.977;False;17;True
38;2025-07-14;Kartódromo Costa Verde;anti-horário;850.0;4;Mateus Souza;;;;;False;0;False
38;2025-07-14;Kartódromo Costa Verde;anti-horário;850.0;5;Gabriel Pereira;22;21:44.760;30;00:42.316;False;1;True
38;2025-07-14;Kartódromo Costa Verde;anti-horário;850.0;6;Rafael Costa;;;;;False;0;False
38;2025-07-14;Kartódromo Costa Verde;anti-horário;850.0;7;Thiago Almeida;11;21:36.947;30;00:42.176;False;2;True
38;2025-07-14;Kartódromo Costa Verde;anti-horário;850.0;8;Bruno Nascimento;9;21:37.885;30;00:41.391;False;4;True
38;2025-07-14;Kartódromo Costa Verde;anti-horário;850.0;9;Felipe Carvalho;16;21:42.942;30;00:42.530;False;1;True
38;2025-07-14;Kartódromo Costa Verde;anti-horário;850.0;10;André Araújo;25;21:49.672;30;00:42.245;False;1;True
38;2025-07-14;Kartódromo Costa Verde;anti-horário;850.0;11;Ricardo Ribeiro;15;21:35.456;30;00:42.139;False;1;True
38;2025-07-14;Kartódromo Costa Verde;anti-horário;850.0;12;Marcelo Ferreira;6;21:37.217;30;00:42.280;False;10;True
38;2025-07-14;Kartódromo Costa Verde;anti-horário;850.0;13;Diego Rodrigues;19;21:40.985;30;00:42.238;False;1;True
38;2025-07-14;Kartódromo Costa Verde;anti-horário;850.0;14;Leonardo Gomes;;;;;False;0;False
38;2025-07-14;Kartódromo Costa Verde;anti-horário;850.0;15;Caio Martins;24;21:47.435;30;00:42.105;False;1;True
38;2025-07-14;Kartódromo Costa Verde;anti-horário;850.0;16;Vinícius Barbosa;18;21:48.844;30;00:41.825;False;1;True
38;2025-07-14;Kartódromo Costa Verde;anti-horário;850.0;17;Henrique Rocha;8;21:39.175;30;00:42.149;False;6;True
38;2025-07-14;Kartódromo Costa Verde;anti-horário;850.0;18;Gustavo Moraes;1;21:30.814;30;00:42.088;False;25;True
38;2025-07-14;Kartódromo Costa Verde;anti-horário;850.0;19;Eduardo Pinto;12;21:35.628;30;00:41.924;False;1;True
38;2025-07-14;Kartódromo Costa Verde;anti-horário;850.0;20;Nicolas Cardoso;21;21:44.738;30;00:42.513;False;1;True
38;2025-07-14;Kartódromo Costa Verde;anti-horário;850.0;21;Daniel Lima;23;21:50.803;30;00:42.303;False;1;True
38;2025-07-14;Kartódromo Costa Verde;anti-horário;850.0;22;Fernando Fernandes;5;21:34.799;30;00:41.394;False;12;True
38;2025-07-14;Kartódromo Costa Verde;anti-horário;850.0;23;Rodrigo Mendes;4;21:32.662;30;00:41.708;False;14;True
38;2025-07-14;Kartódromo Costa Verde;anti-horário;850.0;24;Paulo Campos;14;21:37.170;30;00:41.391;False;1;True
38;2025-07-14;Kartódromo Costa Verde;anti-horário;850.0;25;Alexandre Correia;13;21:44.427;30;00:42.431;False;1;True
38;2025-07-14;Kartódromo Costa Verde;anti-horário;850.0;26;Sérgio Machado;;;;;False;0;False
38;2025-07-14;Kartódromo Costa Verde;anti-horário;850.0;27;Márcio Farias;20;21:47.818;30;00:42.714;False;1;True
38;2025-07-14;Kartódromo Costa Verde;anti-horário;850.0;28;Renato Tavares;;;;;False;0;False
38;2025-07-14;Kartódromo Costa Verde;anti-horário;850.0;29;Douglas Brito;2;21:36.269;30;00:41.630;True;20;True
38;2025-07-14;Kartódromo Costa Verde;anti-horário;850.0;30;Wesley Dias;10;21:40.871;30;00:41.907;False;3;True
39;2025-07-29;Kartódromo das Falésias;horário;1100.0;1;João Silva;13;19:27.177;21;00:53.151;False;1;True
39;2025-07-29;Kartódromo das Falésias;horário;1100.0;2;Pedro Santos;11;19:24.977;21;00:53.050;False;2;True
39;2025-07-29;Kartódromo das Falésias;horário;1100.0;3;Lucas Oliveira;2;19:17.562;21;00:52.776;False;20;True
39;2025-07-29;Kartódromo das Falésias;horário;1100.0;4;Mateus Souza;20;19:27.120;21;00:54.434;False;1;True
39;2025-07-29;Kartódromo das Falésias;horário;1100.0;5;Gabriel Pereira;;;;;False;0;False
39;2025-07-29;Kartódromo das Falésias;horário;1100.0;6;Rafael Costa;1;19:18.501;21;00:53.042;False;25;True
39;2025-07-29;Kartódromo das Falésias;horário;1100.0;7;Thiago Almeida;4;19:18.043;21;00:52.799;False;14;True
39;2025-07-29;Kartódromo das Falésias;horário;1100.0;8;Bruno Nascimento;7;19:20.315;21;00:53.954;False;8;True
39;2025-07-29;Kartódromo das Falésias;horário;1100.0;9;Felipe Carvalho;12;19:23.613;21;00:53.593;False;1;True
39;2025-07-29;Kartódromo das Falésias;horário;1100.0;10;André Araújo;;;;;False;0;False
39;2025-07-29;Kartódromo das Falésias;horário;1100.0;11;Ricardo Ribeiro;15;19:25.864;21;00:54.107;False;1;True
39;2025-07-29;Kartódromo das Falésias;horário;1100.0;12;Marcelo Ferreira;6;19:19.293;21;00:53.494;False;10;True
39;2025-07-29;Kartódromo das Falésias;horário;1100.0;13;Diego Rodrigues;17;19:25.560;21;00:53.759;False;1;True
39;2025-07-29;Kartódromo das Falésias;horário;1100.0;14;Leonardo Gomes;24;19:31.923;21;00:53.906;False;1;True
39;2025-07-29;Kartódromo das Falésias;horário;1100.0;15;Caio Martins;25;19:35.623;21;00:53.866;False;1;True
39;2025-07-29;Kartódromo das Falésias;horário;1100.0;16;Vinícius Barbosa;19;19:34.781;21;00:54.254;False;1;True
39;2025-07-29;Kartódromo das Falésias;horário;1100.0;17;Henrique Rocha;16;19:27.113;21;00:53.076;False;1;True
39;2025-07-29;Kartódromo das Falésias;horário;1100.0;18;Gustavo Moraes;3;19:14.784;21;00:53.640;True;17;True
39;2025-07-29;Kartódromo das Falésias;horário;1100.0;19;Eduardo Pinto;23;19:35.280;21;00:53.996;False;1;True
39;2025-07-29;Kartódromo das Falésias;horário;1100.0;20;Nicolas Cardoso;22;19:32.940;21;00:54.737;False;1;True
39;2025-07-29;Kartódromo das Falésias;horário;1100.0;21;Daniel Lima;21;19:33.207;21;00:54.227;False;1;True
39;2025-07-29;Kartódromo das Falésias;horário;1100.0;22;Fernando Fernandes;5;19:21.681;21;00:54.098;False;12;True
39;2025-07-29;Kartódromo das Falésias;horário;1100.0;23;Rodrigo Mendes;8;19:21.741;21;00:53.408;False;6;True
39;2025-07-29;Kartódromo das Falésias;horário;1100.0;24;Paulo Campos;;;;;False;0;True
39;2025-07-29;Kartódromo das Falésias;horário;1100.0;25;Alexandre Correia;14;19:16.948;21;00:53.135;False;1;True
39;2025-07-29;Kartódromo das Falésias;horário;1100.0;26;Sérgio Machado;10;19:18.916;21;00:54.065;False;3;True
39;2025-07-29;Kartódromo das Falésias;horário;1100.0;27;Márcio Farias;9;19:25.272;21;00:53.076;False;4;True
39;2025-07-29;Kartódromo das Falésias;horário;1100.0;28;Renato Tavares;18;19:28.825;21;00:54.097;False;1;True
39;2025-07-29;Kartódromo das Falésias;horário;1100.0;29;Douglas Brito;;;;;False;0;False
39;2025-07-29;Kartódromo das Falésias;horário;1100.0;30;Wesley Dias;;;;;False;0;False
40;2025-08-13;Kartódromo Serra Azul;anti-horário;980.0;1;João Silva;23;19:53.108;24;00:48.573;False;1;True
40;2025-08-13;Kartódromo Serra Azul;anti-horário;980.0;2;Pedro Santos;20;19:53.409;24;00:47.788;False;1;True
40;2025-08-13;Kartódromo Serra Azul;anti-horário;980.0;3;Lucas Oliveira;6;19:32.716;24;00:47.317;False;10;True
40;2025-08-13;Kartódromo Serra Azul;anti-horário;980.0;4;Mateus Souza;19;19:47.966;24;00:48.082;False;1;True
40;2025-08-13;Kartódromo Serra Azul;anti-horário;980.0;5;Gabriel Pereira;16;19:46.511;24;00:47.356;False;1;True
40;2025-08-13;Kartódromo Serra Azul;anti-horário;980.0;6;Rafael Costa;1;19:35.607;24;00:47.168;True;25;True
40;2025-08-13;Kartódromo Serra Azul;anti-horário;980.0;7;Thiago Almeida;3;19:34.839;24;00:47.428;False;17;True
40;2025-08-13;Kartódromo Serra Azul;anti-horário;980.0;8;Bruno Nascimento;7;19:37.281;24;00:46.873;False;8;True
40;2025-08-13;Kartódromo Serra Azul;anti-horário;980.0;9;Felipe Carvalho;13;19:42.423;24;00:47.053;False;1;True
40;2025-08-13;Kartódromo Serra Azul;anti-horário;980.0;10;André Araújo;17;19:45.066;24;00:47.811;False;1;True
40;2025-08-13;Kartódromo Serra Azul;anti-horário;980.0;11;Ricardo Ribeiro;9;19:45.975;24;00:47.932;False;4;True
40;2025-08-13;Kartódromo Serra Azul;anti-horário;980.0;12;Marcelo Ferreira;11;19:43.708;24;00:47.461;False;2;True
40;2025-08-13;Kartódromo Serra Azul;anti-horário;980.0;13;Diego Rodrigues;;;;;False;0;False
40;2025-08-13;Kartódromo Serra Azul;anti-horário;980.0;14;Leonardo Gomes;;;;;False;0;True
40;2025-08-13;Kartódromo Serra Azul;anti-horário;980.0;15;Caio Martins;25;19:53.224;24;00:48.470;False;1;True
40;2025-08-13;Kartódromo Serra Azul;anti-horário;980.0;16;Vinícius Barbosa;15;19:47.872;24;00:47.874;False;1;True
40;2025-08-13;Kartódromo Serra Azul;anti-horário;980.0;17;Henrique Rocha;14;19:46.153;24;00:47.644;False;1;True
40;2025-08-13;Kartódromo Serra Azul;anti-horário;980.0;18;Gustavo Moraes;5;19:39.598;24;00:47.074;False;12;True
40;2025-08-13;Kartódromo Serra Azul;anti-horário;980.0;19;Eduardo Pinto;22;19:56.678;24;00:48.021;False;1;True
40;2025-08-13;Kartódromo Serra Azul;anti-horário;980.0;20;Nicolas Cardoso;;;;;False;0;False
40;2025-08-13;Kartódromo Serra Azul;anti-horário;980.0;21;Daniel Lima;26;19:58.401;24;00:48.624;False;1;True
40;2025-08-13;Kartódromo Serra Azul;anti-horário;980.0;22;Fernando Fernandes;;;;;False;0;False
40;2025-08-13;Kartódromo Serra Azul;anti-horário;980.0;23;Rodrigo Mendes;4;19:44.220;24;00:47.936;False;14;True
40;2025-08-13;Kartódromo Serra Azul;anti-horário;980.0;24;Paulo Campos;21;19:48.857;24;00:47.687;False;1;True
40;2025-08-13;Kartódromo Serra Azul;anti-horário;980.0;25;Alexandre Correia;18;19:45.989;24;00:47.867;False;1;True
40;2025-08-13;Kartódromo Serra Azul;anti-horário;980.0;26;Sérgio Machado;10;19:42.492;24;00:48.120;False;3;True
40;2025-08-13;Kartódromo Serra Azul;anti-horário;980.0;27;Márcio Farias;8;19:48.624;24;00:48.425;False;6;True
40;2025-08-13;Kartódromo Serra Azul;anti-horário;980.0;28;Renato Tavares;24;19:50.511;24;00:47.832;False;1;True
40;2025-08-13;Kartódromo Serra Azul;anti-horário;980.0;29;Douglas Brito;2;19:35.924;24;00:47.757;False;20;True
40;2025-08-13;Kartódromo Serra Azul;anti-horário;980.0;30;Wesley Dias;12;19:41.719;24;00:47.786;False;1;True
41;2025-08-28;Kartódromo Rio Claro;horário;890.0;1;João Silva;24;16:35.618;22;00:44.152;False;1;True
41;2025-08-28;Kartódromo Rio Claro;horário;890.0;2;Pedro Santos;23;16:32.014;22;00:43.923;False;1;True
41;2025-08-28;Kartódromo Rio Claro;horário;890.0;3;Lucas Oliveira;2;16:20.503;22;00:43.173;False;20;True
41;2025-08-28;Kartódromo Rio Claro;horário;890.0;4;Mateus Souza;20;16:27.298;22;00:43.535;False;1;True
41;2025-08-28;Kartódromo Rio Claro;horário;890.0;5;Gabriel Pereira;16;16:27.814;22;00:43.855;False;1;True
41;2025-08-28;Kartódromo Rio Claro;horário;890.0;6;Rafael Costa;3;16:15.344;22;00:42.757;False;17;True
41;2025-08-28;Kartódromo Rio Claro;horário;890.0;7;Thiago Almeida;7;16:24.002;22;00:43.321;False;8;True
41;2025-08-28;Kartódromo Rio Claro;horário;890.0;8;Bruno Nascimento;6;16:22.848;22;00:42.739;False;10;True
41;2025-08-28;Kartódromo Rio Claro;horário;890.0;9;Felipe Carvalho;10;16:24.841;22;00:43.806;False;3;True
41;2025-08-28;Kartódromo Rio Claro;horário;890.0;10;André Araújo;11;16:25.678;22;00:43.333;False;2;True
41;2025-08-28;Kartódromo Rio Claro;horário;890.0;11;Ricardo Ribeiro;14;16:24.446;22;00:43.647;False;1;True
41;2025-08-28;Kartódromo Rio Claro;horário;890.0;12;Marcelo Ferreira;13;16:26.049;22;00:43.708;False;1;True
41;2025-08-28;Kartódromo Rio Claro;horário;890.0;13;Diego Rodrigues;19;16:28.644;22;00:43.135;False;1;True
41;2025-08-28;Kartódromo Rio Claro;horário;890.0;14;Leonardo Gomes;28;16:31.708;22;00:43.403;False;1;True
41;2025-08-28;Kartódromo Rio Claro;horário;890.0;15;Caio Martins;29;16:34.230;22;00:44.204;False;1;True
41;2025-08-28;Kartódromo Rio Claro;horário;890.0;16;Vinícius Barbosa;30;16:37.179;22;00:43.673;False;1;True
41;2025-08-28;Kartódromo Rio Claro;horário;890.0;17;Henrique Rocha;12;16:26.767;22;00:43.719;False;1;True
41;2025-08-28;Kartódromo Rio Claro;horário;890.0;18;Gustavo Moraes;1;16:20.630;22;00:42.798;True;25;True
41;2025-08-28;Kartódromo Rio Claro;horário;890.0;19;Eduardo Pinto;25;16:32.592;22;00:44.181;False;1;True
41;2025-08-28;Kartódromo Rio Claro;horário;890.0;20;Nicolas Cardoso;27;16:35.957;22;00:43.381;False;1;True
41;2025-08-28;Kartódromo Rio Claro;horário;890.0;21;Daniel Lima;26;16:33.285;22;00:43.884;False;1;True
41;2025-08-28;Kartódromo Rio Claro;horário;890.0;22;Fernando Fernandes;8;16:28.509;22;00:43.190;False;6;True
41;2025-08-28;Kartódromo Rio Claro;horário;890.0;23;Rodrigo Mendes;5;16:18.897;22;00:43.591;False;12;True
41;2025-08-28;Kartódromo Rio Claro;horário;890.0;24;Paulo Campos;21;16:29.195;22;00:43.193;False;1;True
41;2025-08-28;Kartódromo Rio Claro;horário;890.0;25;Alexandre Correia;18;16:30.736;22;00:43.340;False;1;True
41;2025-08-28;Kartódromo Rio Claro;horário;890.0;26;Sérgio Machado;9;16:21.154;22;00:43.336;False;4;True
41;2025-08-28;Kartódromo Rio Claro;horário;890.0;27;Márcio Farias;17;16:31.815;22;00:43.799;False;1;True
41;2025-08-28;Kartódromo Rio Claro;horário;890.0;28;Renato Tavares;22;16:31.936;22;00:43.831;False;1;True
41;2025-08-28;Kartódromo Rio Claro;horário;890.0;29;Douglas Brito;4;16:21.850;22;00:42.817;False;14;True
41;2025-08-28;Kartódromo Rio Claro;horário;890.0;30;Wesley Dias;15;16:36.449;22;00:43.370;False;1;True
42;2025-09-12;Kartódromo Vale do Sol;anti-horário;1020.0;1;João Silva;29;22:24.906;26;00:49.534;False;1;True
42;2025-09-12;Kartódromo Vale do Sol;anti-horário;1020.0;2;Pedro Santos;27;22:30.635;26;00:50.597;False;1;True
42;2025-09-12;Kartódromo Vale do Sol;anti-horário;1020.0;3;Lucas Oliveira;3;22:06.172;26;00:49.332;False;17;True
42;2025-09-12;Kartódromo Vale do Sol;anti-horário;1020.0;4;Mateus Souza;26;22:25.529;26;00:50.319;False;1;True
42;2025-09-12;Kartódromo Vale do Sol;anti-horário;1020.0;5;Gabriel Pereira;23;22:20.424;26;00:49.377;False;1;True
42;2025-09-12;Kartódromo Vale do Sol;anti-horário;1020.0;6;Rafael Costa;1;22:00.931;26;00:48.838;False;25;True
42;2025-09-12;Kartódromo Vale do Sol;anti-horário;1020.0;7;Thiago Almeida;4;22:09.166;26;00:49.444;False;14;True
42;2025-09-12;Kartódromo Vale do Sol;anti-horário;1020.0;8;Bruno Nascimento;7;22:03.302;26;00:49.479;False;8;True
42;2025-09-12;Kartódromo Vale do Sol;anti-horário;1020.0;9;Felipe Carvalho;10;22:13.992;26;00:49.984;False;3;True
42;2025-09-12;Kartódromo Vale do Sol;anti-horário;1020.0;10;André Araújo;21;22:17.555;26;00:49.243;False;1;True
42;2025-09-12;Kartódromo Vale do Sol;anti-horário;1020.0;11;Ricardo Ribeiro;11;22:14.862;26;00:49.873;False;2;True
42;2025-09-12;Kartódromo Vale do Sol;anti-horário;1020.0;12;Marcelo Ferreira;12;22:16.098;26;00:50.310;False;1;True
42;2025-09-12;Kartódromo Vale do Sol;anti-horário;1020.0;13;Diego Rodrigues;14;22:19.659;26;00:50.085;False;1;True
42;2025-09-12;Kartódromo Vale do Sol;anti-horário;1020.0;14;Leonardo Gomes;24;22:26.430;26;00:50.353;False;1;True
42;2025-09-12;Kartódromo Vale do Sol;anti-horário;1020.0;15;Caio Martins;22;22:25.942;26;00:50.664;False;1;True
42;2025-09-12;Kartódromo Vale do Sol;anti-horário;1020.0;16;Vinícius Barbosa;20;22:22.423;26;00:49.867;False;1;True
42;2025-09-12;Kartódromo Vale do Sol;anti-horário;1020.0;17;Henrique Rocha;;;;;False;0;True
42;2025-09-12;Kartódromo Vale do Sol;anti-horário;1020.0;18;Gustavo Moraes;6;22:07.429;26;00:49.248;False;10;True
42;2025-09-12;Kartódromo Vale do Sol;anti-horário;1020.0;19;Eduardo Pinto;9;22:07.510;26;00:49.195;False;4;True
42;2025-09-12;Kartódromo Vale do Sol;anti-horário;1020.0;20;Nicolas Cardoso;19;22:28.654;26;00:49.958;False;1;True
42;2025-09-12;Kartódromo Vale do Sol;anti-horário;1020.0;21;Daniel Lima;28;22:27.823;26;00:50.731;False;1;True
42;2025-09-12;Kartódromo Vale do Sol;anti-horário;1020.0;22;Fernando Fernandes;8;22:11.409;26;00:49.310;False;6;True
42;2025-09-12;Kartódromo Vale do Sol;anti-horário;1020.0;23;Rodrigo Mendes;5;22:08.925;26;00:49.050;False;12;True
42;2025-09-12;Kartódromo Vale do Sol;anti-horário;1020.0;24;Paulo Campos;15;22:18.028;26;00:49.300;False;1;True
42;2025-09-12;Kartódromo Vale do Sol;anti-horário;1020.0;25;Alexandre Correia;13;22:14.079;26;00:50.236;False;1;True
42;2025-09-12;Kartódromo Vale do Sol;anti-horário;1020.0;26;Sérgio Machado;18;22:18.841;26;00:50.448;False;1;True
42;2025-09-12;Kartódromo Vale do Sol;anti-horário;1020.0;27;Márcio Farias;16;22:21.385;26;00:49.763;False;1;True
42;2025-09-12;Kartódromo Vale do Sol;anti-horário;1020.0;28;Renato Tavares;25;22:27.916;26;00:50.152;False;1;True
42;2025-09-12;Kartódromo Vale do Sol;anti-horário;1020.0;29;Douglas Brito;2;22:10.103;26;00:49.025;True;20;True
42;2025-09-12;Kartódromo Vale do Sol;anti-horário;1020.0;30;Wesley Dias;17;22:18.729;26;00:49.952;False;1;True
